[Licensing::Module] Trying to connect to existing licensing client channel...
Built from '6000.3/staging' branch; Version is '6000.3.0f1 (d1870ce95baf) revision 13731596'; Using compiler version '194234433'; Build Type 'Release'
OS: 'Windows 10  (10.0.19045) 64bit Enterprise' Language: 'en' Physical Memory: 15654 MB
BatchMode: 1, IsHumanControllingUs: 0, StartBugReporterOnCrash: 0, Is64bit: 1
[Licensing::IpcConnector] Successfully connected to: "LicenseClient-Máté" at "2025-12-05T19:18:07.2155496Z"
Date: 2025-12-05T19:18:07Z

COMMAND LINE ARGUMENTS:
C:\Program Files\Unity\Hub\Editor\6000.3.0f1\Editor\Unity.exe
-adb2
-batchMode
-noUpm
-name
AssetImportWorker2
-projectPath
D:/Fantasy-Towerdefense/A Királyság Védelme
-logFile
Logs/AssetImportWorker2.log
-srvPort
52380
-job-worker-count
5
-background-job-worker-count
8
-gc-helper-count
1
-name
AssetImport
Successfully changed project path to: D:/Fantasy-Towerdefense/A Királyság Védelme
D:/Fantasy-Towerdefense/A Királyság Védelme
[UnityMemory] Configuration Parameters - Can be set up in boot.config
    "memorysetup-temp-allocator-size-nav-mesh-worker=65536"
    "memorysetup-temp-allocator-size-audio-worker=65536"
    "memorysetup-temp-allocator-size-gfx=262144"
    "memorysetup-allocator-temp-initial-block-size-main=262144"
    "memorysetup-allocator-temp-initial-block-size-worker=262144"
    "memorysetup-temp-allocator-size-background-worker=32768"
    "memorysetup-temp-allocator-size-job-worker=262144"
    "memorysetup-temp-allocator-size-preload-manager=33554432"
    "memorysetup-temp-allocator-size-gi-baking-worker=262144"
    "memorysetup-temp-allocator-size-gi-baking-worker=262144"
    "memorysetup-temp-allocator-size-gi-baking-worker=262144"
    "memorysetup-temp-allocator-size-gi-baking-worker=262144"
    "memorysetup-temp-allocator-size-gi-baking-worker=262144"
    "memorysetup-bucket-allocator-granularity=16"
    "memorysetup-bucket-allocator-bucket-count=8"
    "memorysetup-bucket-allocator-block-size=33554432"
    "memorysetup-bucket-allocator-block-count=8"
    "memorysetup-main-allocator-block-size=16777216"
    "memorysetup-thread-allocator-block-size=16777216"
    "memorysetup-gfx-main-allocator-block-size=16777216"
    "memorysetup-gfx-thread-allocator-block-size=16777216"
    "memorysetup-cache-allocator-block-size=4194304"
    "memorysetup-typetree-allocator-block-size=2097152"
    "memorysetup-profiler-bucket-allocator-granularity=16"
    "memorysetup-profiler-bucket-allocator-bucket-count=8"
    "memorysetup-profiler-bucket-allocator-block-size=33554432"
    "memorysetup-profiler-bucket-allocator-block-count=8"
    "memorysetup-profiler-allocator-block-size=16777216"
    "memorysetup-profiler-editor-allocator-block-size=1048576"
    "memorysetup-temp-allocator-size-main=16777216"
    "memorysetup-job-temp-allocator-block-size=2097152"
    "memorysetup-job-temp-allocator-block-size-background=1048576"
    "memorysetup-job-temp-allocator-reduction-small-platforms=262144"
    "memorysetup-temp-allocator-size-cloud-worker=32768"
Player connection [15428]  Target information:

Player connection [15428]  * "[IP] 172.27.48.1 [Port] 0 [Flags] 2 [Guid] 1968883235 [EditorId] 1968883235 [Version] 1048832 [Id] WindowsEditor(7,DESKTOP-IOK38TJ) [Debug] 1 [PackageName] WindowsEditor [ProjectName] Editor" 

Player connection [15428]  * "[IP] 10.129.4.88 [Port] 0 [Flags] 2 [Guid] 1968883235 [EditorId] 1968883235 [Version] 1048832 [Id] WindowsEditor(7,DESKTOP-IOK38TJ) [Debug] 1 [PackageName] WindowsEditor [ProjectName] Editor" 

Player connection [15428] Host joined multi-casting on [225.0.0.222:54997]...
Player connection [15428] Host joined alternative multi-casting on [225.0.0.222:34997]...
JobSystem: Creating JobQueue using job-worker-count value 5
Input System module state changed to: Initialized.
[Physics::Module] Initialized fallback backend.
[Physics::Module] Id: 0xdecafbad
Library Redirect Path: Library/
[Physics::Module] Selected backend.
[Physics::Module] Name: PhysX
[Physics::Module] Id: 0xf2b8ea05
[Physics::Module] SDK Version: 4.1.2
[Physics::Module] Integration Version: 1.0.0
[Physics::Module] Threading Mode: Multi-Threaded
Refreshing native plugins compatible for Editor in 11.53 ms, found 4 plugins.
Preloading 0 native plugins for Editor in 0.00 ms.
Initialize engine version: 6000.3.0f1 (d1870ce95baf)
[Subsystems] Discovering subsystems at path C:/Program Files/Unity/Hub/Editor/6000.3.0f1/Editor/Data/Resources/UnitySubsystems
[Subsystems] Discovering subsystems at path D:/Fantasy-Towerdefense/A Királyság Védelme/Assets
GfxDevice: creating device client; kGfxThreadingModeNonThreaded
Direct3D:
    Version:  Direct3D 11.0 [level 11.1]
    Renderer: NVIDIA GeForce RTX 3050 6GB Laptop GPU (ID=0x25ac)
    Vendor:   NVIDIA
    VRAM:     6002 MB
    Driver:   32.0.15.8129
Initialize mono
Mono path[0] = 'C:/Program Files/Unity/Hub/Editor/6000.3.0f1/Editor/Data/Managed'
Mono path[1] = 'C:/Program Files/Unity/Hub/Editor/6000.3.0f1/Editor/Data/MonoBleedingEdge/lib/mono/unityjit-win32'
Mono config path = 'C:/Program Files/Unity/Hub/Editor/6000.3.0f1/Editor/Data/MonoBleedingEdge/etc'
Using monoOptions --debugger-agent=transport=dt_socket,embedding=1,server=y,suspend=n,address=127.0.0.1:56460
Begin MonoManager ReloadAssembly
Registering precompiled unity dll's ...
Register platform support module: C:/Program Files/Unity/Hub/Editor/6000.3.0f1/Editor/Data/PlaybackEngines/WebGLSupport/UnityEditor.WebGL.Extensions.dll
Register platform support module: C:/Program Files/Unity/Hub/Editor/6000.3.0f1/Editor/Data/PlaybackEngines/WindowsStandaloneSupport/UnityEditor.WindowsStandalone.Extensions.dll
Registered in 0.002079 seconds.
[Licensing::Client] Error: HandshakeResponse reported an error:
	ResponseCode: 505
	ResponseStatus: Unsupported protocol version '1.17.4'.
[Licensing::Module] Error: Failed to handshake to channel: "LicenseClient-Máté"
[Licensing::IpcConnector] LicenseClient-Máté channel disconnected successfully.
[Licensing::IpcConnector] Successfully connected to: "LicenseClient-Máté-6000.3.0" at "2025-12-05T19:18:08.2764247Z"
- Loaded All Assemblies, in  0.472 seconds
Native extension for WindowsStandalone target not found
Native extension for WebGL target not found
Mono: successfully reloaded assembly
- Finished resetting the current domain, in  0.512 seconds
Domain Reload Profiling: 981ms
	BeginReloadAssembly (144ms)
		ExecutionOrderSort (0ms)
		DisableScriptedObjects (0ms)
		BackupInstance (0ms)
		ReleaseScriptingObjects (0ms)
		CreateAndSetChildDomain (1ms)
	RebuildCommonClasses (40ms)
	RebuildNativeTypeToScriptingClass (13ms)
	initialDomainReloadingComplete (55ms)
	LoadAllAssembliesAndSetupDomain (216ms)
		LoadAssemblies (142ms)
		RebuildTransferFunctionScriptingTraits (0ms)
		AnalyzeDomain (212ms)
			TypeCache.Refresh (210ms)
				TypeCache.ScanAssembly (193ms)
			BuildScriptInfoCaches (0ms)
			ResolveRequiredComponents (1ms)
	FinalizeReload (513ms)
		ReleaseScriptCaches (0ms)
		RebuildScriptCaches (0ms)
		SetupLoadedEditorAssemblies (453ms)
			LogAssemblyErrors (0ms)
			InitializePlatformSupportModulesInManaged (60ms)
			SetLoadedEditorAssemblies (5ms)
			BeforeProcessingInitializeOnLoad (99ms)
			ProcessInitializeOnLoadAttributes (176ms)
			ProcessInitializeOnLoadMethodAttributes (114ms)
			AfterProcessingInitializeOnLoad (0ms)
			EditorAssembliesLoaded (0ms)
		ExecutionOrderSort2 (0ms)
		AwakeInstancesAfterBackupRestoration (0ms)
========================================================================
Worker process is ready to serve import requests
Import Worker Mode flag is 0x00
Begin MonoManager ReloadAssembly
[Licensing::Module] Licensing is not yet initialized.
[Licensing::Client] Handshaking with LicensingClient:
  Version:                 1.17.4+4293ba1
  Session Id:              cfe786b0f6004fc58519ff22bdc39f31
  Correlation Id:          83d5377d3bb7ee4756f497e7ffd5852c
  External correlation Id: 2287424872079169696
  Machine Id:              Xxdec/vgMoICijiw4v5BKlitkus=
[Licensing::Module] Successfully connected to LicensingClient on channel: "LicenseClient-Máté-6000.3.0" (connect: 0.00s, validation: 0.00s, handshake: 1.05s)
[Licensing::IpcConnector] Successfully connected to: "LicenseClient-Máté-6000.3.0-notifications" at "2025-12-05T19:18:09.3249292Z"
[Licensing::Module] Licensing Background thread has ended after 2.11s
[Licensing::Module] Licensing is initialized (took 0.23s).
[Licensing::Client] Successfully resolved entitlement details
[Licensing::Module] License group:
  Id: 7971967282384-UnityPersXXXX
  Product: Unity Personal
  Type: Assigned
  Expiration: Unlimited
- Loaded All Assemblies, in  0.784 seconds
Refreshing native plugins compatible for Editor in 0.73 ms, found 4 plugins.
Native extension for WindowsStandalone target not found
Native extension for WebGL target not found
Package Manager log level set to [2]
[Package Manager] Failed to launch server process. Reason: Unity was launched with the -noUpm command-line argument
[Package Manager] Unable to send message (not connected to server process).
[Package Manager] Cannot connect to Unity Package Manager local server
Mono: successfully reloaded assembly
- Finished resetting the current domain, in  0.756 seconds
Domain Reload Profiling: 1538ms
	BeginReloadAssembly (381ms)
		ExecutionOrderSort (0ms)
		DisableScriptedObjects (5ms)
		BackupInstance (0ms)
		ReleaseScriptingObjects (0ms)
		CreateAndSetChildDomain (37ms)
	RebuildCommonClasses (27ms)
	RebuildNativeTypeToScriptingClass (10ms)
	initialDomainReloadingComplete (31ms)
	LoadAllAssembliesAndSetupDomain (332ms)
		LoadAssemblies (262ms)
		RebuildTransferFunctionScriptingTraits (0ms)
		AnalyzeDomain (150ms)
			TypeCache.Refresh (112ms)
				TypeCache.ScanAssembly (102ms)
			BuildScriptInfoCaches (31ms)
			ResolveRequiredComponents (4ms)
	FinalizeReload (757ms)
		ReleaseScriptCaches (0ms)
		RebuildScriptCaches (0ms)
		SetupLoadedEditorAssemblies (668ms)
			LogAssemblyErrors (0ms)
			InitializePlatformSupportModulesInManaged (2ms)
			SetLoadedEditorAssemblies (3ms)
			BeforeProcessingInitializeOnLoad (150ms)
			ProcessInitializeOnLoadAttributes (455ms)
			ProcessInitializeOnLoadMethodAttributes (53ms)
			AfterProcessingInitializeOnLoad (5ms)
			EditorAssembliesLoaded (0ms)
		ExecutionOrderSort2 (0ms)
		AwakeInstancesAfterBackupRestoration (5ms)
Launched and connected shader compiler UnityShaderCompiler.exe after 0.02 seconds
Refreshing native plugins compatible for Editor in 1.56 ms, found 4 plugins.
Preloading 0 native plugins for Editor in 0.00 ms.
Unloading 0 Unused Serialized files (Serialized files now loaded: 0)
Unloading 5013 unused Assets / (1.7 MB). Loaded Objects now: 5610.
Memory consumption went from 101.6 MB to 99.9 MB.
Total: 13.087100 ms (FindLiveObjects: 0.962300 ms CreateObjectMapping: 0.557500 ms MarkObjects: 9.375600 ms  DeleteObjects: 2.189900 ms)

========================================================================
Received Import Request.
  Time since last request: 18865.223282 seconds.
  path: Assets/background_dirt_road.jpg
  artifactKey: Guid(2978dcaaf855d5a438971322b5e8e594) Importer(815301076,1909f56bfc062723c751e8b465ee728b)
Start importing Assets/background_dirt_road.jpg using Guid(2978dcaaf855d5a438971322b5e8e594) Importer(815301076,1909f56bfc062723c751e8b465ee728b) (PreviewImporter) -> (artifact id: '255d1c83140c7d10fb70bfe6dc10da8c') in 0.083641 seconds
Number of updated asset objects reloaded before import = 0Number of asset objects unloaded after import = 3

========================================================================
Received Import Request.
  Time since last request: 0.886365 seconds.
  path: Assets/background_dirt_road.jpg
  artifactKey: Guid(2978dcaaf855d5a438971322b5e8e594) Importer(2089858483,b0f066a214c2f5e87bad3c948f4d605d)
Start importing Assets/background_dirt_road.jpg using Guid(2978dcaaf855d5a438971322b5e8e594) Importer(2089858483,b0f066a214c2f5e87bad3c948f4d605d) (ScriptedImporter) -> (artifact id: '7c3a22939bb4bb59b3933e201c5729ed') in 0.0968828 seconds
Number of updated asset objects reloaded before import = 0Number of asset objects unloaded after import = 3

========================================================================
Received Import Request.
  Time since last request: 835.359724 seconds.
  path: Assets/background.jpg
  artifactKey: Guid(b4700ed29d984534ba16d084b27d070f) Importer(815301076,1909f56bfc062723c751e8b465ee728b)
Start importing Assets/background.jpg using Guid(b4700ed29d984534ba16d084b27d070f) Importer(815301076,1909f56bfc062723c751e8b465ee728b) (PreviewImporter) -> (artifact id: '59c7c9ade7d16240d9d79e35ed869838') in 0.0319351 seconds
Number of updated asset objects reloaded before import = 0Number of asset objects unloaded after import = 3

========================================================================
Received Import Request.
  Time since last request: 0.957177 seconds.
  path: Assets/background.jpg
  artifactKey: Guid(b4700ed29d984534ba16d084b27d070f) Importer(2089858483,b0f066a214c2f5e87bad3c948f4d605d)
Start importing Assets/background.jpg using Guid(b4700ed29d984534ba16d084b27d070f) Importer(2089858483,b0f066a214c2f5e87bad3c948f4d605d) (ScriptedImporter) -> (artifact id: '1c13ce4187af8adc7940919dcdcb2416') in 0.0153157 seconds
Number of updated asset objects reloaded before import = 0Number of asset objects unloaded after import = 3

========================================================================
Received Import Request.
  Time since last request: 251.567761 seconds.
  path: Assets/background.jpg
  artifactKey: Guid(b4700ed29d984534ba16d084b27d070f) Importer(815301076,1909f56bfc062723c751e8b465ee728b)
Start importing Assets/background.jpg using Guid(b4700ed29d984534ba16d084b27d070f) Importer(815301076,1909f56bfc062723c751e8b465ee728b) (PreviewImporter) -> (artifact id: '8402a070c94de3f05e58cb26ff609293') in 0.0215779 seconds
Number of updated asset objects reloaded before import = 0Number of asset objects unloaded after import = 3

========================================================================
Received Import Request.
  Time since last request: 0.965930 seconds.
  path: Assets/background.jpg
  artifactKey: Guid(b4700ed29d984534ba16d084b27d070f) Importer(2089858483,b0f066a214c2f5e87bad3c948f4d605d)
Start importing Assets/background.jpg using Guid(b4700ed29d984534ba16d084b27d070f) Importer(2089858483,b0f066a214c2f5e87bad3c948f4d605d) (ScriptedImporter) -> (artifact id: 'e40ff93bc93f1921c4d99d64067af8e6') in 0.0141996 seconds
Number of updated asset objects reloaded before import = 0Number of asset objects unloaded after import = 3

========================================================================
Received Import Request.
  Time since last request: 368.655179 seconds.
  path: Assets/background.png
  artifactKey: Guid(c0e94b7d897f97542880cb984249066c) Importer(815301076,1909f56bfc062723c751e8b465ee728b)
Start importing Assets/background.png using Guid(c0e94b7d897f97542880cb984249066c) Importer(815301076,1909f56bfc062723c751e8b465ee728b) (PreviewImporter) -> (artifact id: 'fb398c19f5fa315953bf5fc3b0d02fcc') in 0.0326359 seconds
Number of updated asset objects reloaded before import = 0Number of asset objects unloaded after import = 3

========================================================================
Received Import Request.
  Time since last request: 0.959464 seconds.
  path: Assets/background.png
  artifactKey: Guid(c0e94b7d897f97542880cb984249066c) Importer(2089858483,b0f066a214c2f5e87bad3c948f4d605d)
Start importing Assets/background.png using Guid(c0e94b7d897f97542880cb984249066c) Importer(2089858483,b0f066a214c2f5e87bad3c948f4d605d) (ScriptedImporter) -> (artifact id: 'b28b5a0f2a8ec2c3eeade7c45ba60865') in 0.0175178 seconds
Number of updated asset objects reloaded before import = 0Number of asset objects unloaded after import = 3

========================================================================
Received Prepare
Begin MonoManager ReloadAssembly
[Licensing::Client] Successfully resolved entitlement details
- Loaded All Assemblies, in  0.628 seconds
Refreshing native plugins compatible for Editor in 0.71 ms, found 4 plugins.
Native extension for WindowsStandalone target not found
Native extension for WebGL target not found
[Package Manager] Failed to launch server process. Reason: Unity was launched with the -noUpm command-line argument
[Package Manager] Unable to send message (not connected to server process).
[Package Manager] Cannot connect to Unity Package Manager local server
Mono: successfully reloaded assembly
- Finished resetting the current domain, in  0.691 seconds
Domain Reload Profiling: 1321ms
	BeginReloadAssembly (219ms)
		ExecutionOrderSort (0ms)
		DisableScriptedObjects (41ms)
		BackupInstance (0ms)
		ReleaseScriptingObjects (0ms)
		CreateAndSetChildDomain (56ms)
	RebuildCommonClasses (29ms)
	RebuildNativeTypeToScriptingClass (11ms)
	initialDomainReloadingComplete (24ms)
	LoadAllAssembliesAndSetupDomain (345ms)
		LoadAssemblies (293ms)
		RebuildTransferFunctionScriptingTraits (0ms)
		AnalyzeDomain (129ms)
			TypeCache.Refresh (4ms)
				TypeCache.ScanAssembly (0ms)
			BuildScriptInfoCaches (115ms)
			ResolveRequiredComponents (4ms)
	FinalizeReload (692ms)
		ReleaseScriptCaches (0ms)
		RebuildScriptCaches (0ms)
		SetupLoadedEditorAssemblies (582ms)
			LogAssemblyErrors (0ms)
			InitializePlatformSupportModulesInManaged (2ms)
			SetLoadedEditorAssemblies (3ms)
			BeforeProcessingInitializeOnLoad (116ms)
			ProcessInitializeOnLoadAttributes (403ms)
			ProcessInitializeOnLoadMethodAttributes (51ms)
			AfterProcessingInitializeOnLoad (6ms)
			EditorAssembliesLoaded (0ms)
		ExecutionOrderSort2 (0ms)
		AwakeInstancesAfterBackupRestoration (7ms)
Refreshing native plugins compatible for Editor in 0.77 ms, found 4 plugins.
Preloading 0 native plugins for Editor in 0.00 ms.
Unloading 0 Unused Serialized files (Serialized files now loaded: 0)
Unloading 5011 unused Assets / (1.4 MB). Loaded Objects now: 5623.
Memory consumption went from 102.6 MB to 101.3 MB.
Total: 7.636900 ms (FindLiveObjects: 0.480700 ms CreateObjectMapping: 0.430200 ms MarkObjects: 5.449600 ms  DeleteObjects: 1.275200 ms)

Prepare: number of updated asset objects reloaded= 0
========================================================================
Received Prepare
Begin MonoManager ReloadAssembly
- Loaded All Assemblies, in  0.557 seconds
Refreshing native plugins compatible for Editor in 0.66 ms, found 4 plugins.
Native extension for WindowsStandalone target not found
Native extension for WebGL target not found
[Package Manager] Failed to launch server process. Reason: Unity was launched with the -noUpm command-line argument
[Package Manager] Unable to send message (not connected to server process).
[Package Manager] Cannot connect to Unity Package Manager local server
Mono: successfully reloaded assembly
- Finished resetting the current domain, in  0.668 seconds
Domain Reload Profiling: 1225ms
	BeginReloadAssembly (187ms)
		ExecutionOrderSort (0ms)
		DisableScriptedObjects (11ms)
		BackupInstance (0ms)
		ReleaseScriptingObjects (0ms)
		CreateAndSetChildDomain (55ms)
	RebuildCommonClasses (31ms)
	RebuildNativeTypeToScriptingClass (11ms)
	initialDomainReloadingComplete (23ms)
	LoadAllAssembliesAndSetupDomain (304ms)
		LoadAssemblies (265ms)
		RebuildTransferFunctionScriptingTraits (0ms)
		AnalyzeDomain (116ms)
			TypeCache.Refresh (5ms)
				TypeCache.ScanAssembly (0ms)
			BuildScriptInfoCaches (104ms)
			ResolveRequiredComponents (4ms)
	FinalizeReload (669ms)
		ReleaseScriptCaches (0ms)
		RebuildScriptCaches (0ms)
		SetupLoadedEditorAssemblies (564ms)
			LogAssemblyErrors (0ms)
			InitializePlatformSupportModulesInManaged (2ms)
			SetLoadedEditorAssemblies (3ms)
			BeforeProcessingInitializeOnLoad (118ms)
			ProcessInitializeOnLoadAttributes (389ms)
			ProcessInitializeOnLoadMethodAttributes (47ms)
			AfterProcessingInitializeOnLoad (5ms)
			EditorAssembliesLoaded (0ms)
		ExecutionOrderSort2 (0ms)
		AwakeInstancesAfterBackupRestoration (5ms)
Refreshing native plugins compatible for Editor in 0.97 ms, found 4 plugins.
Preloading 0 native plugins for Editor in 0.00 ms.
Unloading 0 Unused Serialized files (Serialized files now loaded: 0)
Unloading 5011 unused Assets / (1.2 MB). Loaded Objects now: 5626.
Memory consumption went from 102.7 MB to 101.5 MB.
Total: 7.870400 ms (FindLiveObjects: 0.514000 ms CreateObjectMapping: 0.229600 ms MarkObjects: 5.904600 ms  DeleteObjects: 1.221000 ms)

Prepare: number of updated asset objects reloaded= 0
========================================================================
Received Import Request.
  Time since last request: 426.248731 seconds.
  path: Assets/background1.jpg
  artifactKey: Guid(959db0c1b5a9def499ff31006210663e) Importer(815301076,1909f56bfc062723c751e8b465ee728b)
Start importing Assets/background1.jpg using Guid(959db0c1b5a9def499ff31006210663e) Importer(815301076,1909f56bfc062723c751e8b465ee728b) (PreviewImporter) -> (artifact id: 'a4eb20d657f9d5f31fbb941802bb7995') in 0.1008874 seconds
Number of updated asset objects reloaded before import = 0Number of asset objects unloaded after import = 3

========================================================================
Received Import Request.
  Time since last request: 113.918383 seconds.
  path: Assets/background1 1.jpg
  artifactKey: Guid(8220db776e36ca443af186b2dad00b5c) Importer(815301076,1909f56bfc062723c751e8b465ee728b)
Start importing Assets/background1 1.jpg using Guid(8220db776e36ca443af186b2dad00b5c) Importer(815301076,1909f56bfc062723c751e8b465ee728b) (PreviewImporter) -> (artifact id: 'cd643a5635b6f2cc9f86747eec5d2631') in 0.0299148 seconds
Number of updated asset objects reloaded before import = 0Number of asset objects unloaded after import = 3

========================================================================
Received Import Request.
  Time since last request: 10.129345 seconds.
  path: Assets/background1 1.jpg
  artifactKey: Guid(8220db776e36ca443af186b2dad00b5c) Importer(2089858483,b0f066a214c2f5e87bad3c948f4d605d)
Start importing Assets/background1 1.jpg using Guid(8220db776e36ca443af186b2dad00b5c) Importer(2089858483,b0f066a214c2f5e87bad3c948f4d605d) (ScriptedImporter) -> (artifact id: 'b3e8adf59f1d1a31fd34ccc607aebf47') in 0.090007 seconds
Number of updated asset objects reloaded before import = 0Number of asset objects unloaded after import = 3

========================================================================
Received Prepare
Begin MonoManager ReloadAssembly
[Licensing::Client] Successfully resolved entitlement details
- Loaded All Assemblies, in  0.523 seconds
Refreshing native plugins compatible for Editor in 0.66 ms, found 4 plugins.
Native extension for WindowsStandalone target not found
Native extension for WebGL target not found
[Package Manager] Failed to launch server process. Reason: Unity was launched with the -noUpm command-line argument
[Package Manager] Unable to send message (not connected to server process).
[Package Manager] Cannot connect to Unity Package Manager local server
Mono: successfully reloaded assembly
- Finished resetting the current domain, in  0.604 seconds
Domain Reload Profiling: 1128ms
	BeginReloadAssembly (182ms)
		ExecutionOrderSort (0ms)
		DisableScriptedObjects (13ms)
		BackupInstance (0ms)
		ReleaseScriptingObjects (0ms)
		CreateAndSetChildDomain (52ms)
	RebuildCommonClasses (29ms)
	RebuildNativeTypeToScriptingClass (10ms)
	initialDomainReloadingComplete (22ms)
	LoadAllAssembliesAndSetupDomain (280ms)
		LoadAssemblies (246ms)
		RebuildTransferFunctionScriptingTraits (0ms)
		AnalyzeDomain (109ms)
			TypeCache.Refresh (5ms)
				TypeCache.ScanAssembly (0ms)
			BuildScriptInfoCaches (98ms)
			ResolveRequiredComponents (4ms)
	FinalizeReload (605ms)
		ReleaseScriptCaches (0ms)
		RebuildScriptCaches (0ms)
		SetupLoadedEditorAssemblies (515ms)
			LogAssemblyErrors (0ms)
			InitializePlatformSupportModulesInManaged (2ms)
			SetLoadedEditorAssemblies (2ms)
			BeforeProcessingInitializeOnLoad (101ms)
			ProcessInitializeOnLoadAttributes (361ms)
			ProcessInitializeOnLoadMethodAttributes (44ms)
			AfterProcessingInitializeOnLoad (4ms)
			EditorAssembliesLoaded (0ms)
		ExecutionOrderSort2 (0ms)
		AwakeInstancesAfterBackupRestoration (5ms)
Refreshing native plugins compatible for Editor in 1.20 ms, found 4 plugins.
Preloading 0 native plugins for Editor in 0.00 ms.
Unloading 0 Unused Serialized files (Serialized files now loaded: 0)
Unloading 5011 unused Assets / (1.2 MB). Loaded Objects now: 5631.
Memory consumption went from 102.7 MB to 101.5 MB.
Total: 7.007200 ms (FindLiveObjects: 0.511400 ms CreateObjectMapping: 0.390900 ms MarkObjects: 5.055100 ms  DeleteObjects: 1.048900 ms)

Prepare: number of updated asset objects reloaded= 0
========================================================================
Received Import Request.
  Time since last request: 1661.572068 seconds.
  path: Assets/background.jpg
  artifactKey: Guid(b4700ed29d984534ba16d084b27d070f) Importer(815301076,1909f56bfc062723c751e8b465ee728b)
Start importing Assets/background.jpg using Guid(b4700ed29d984534ba16d084b27d070f) Importer(815301076,1909f56bfc062723c751e8b465ee728b) (PreviewImporter) -> (artifact id: '62d74770d94cf2554d670ecf2475375d') in 0.0735207 seconds
Number of updated asset objects reloaded before import = 0Number of asset objects unloaded after import = 3

========================================================================
Received Import Request.
  Time since last request: 1013.832614 seconds.
  path: Assets/background.jpg
  artifactKey: Guid(b4700ed29d984534ba16d084b27d070f) Importer(815301076,1909f56bfc062723c751e8b465ee728b)
Start importing Assets/background.jpg using Guid(b4700ed29d984534ba16d084b27d070f) Importer(815301076,1909f56bfc062723c751e8b465ee728b) (PreviewImporter) -> (artifact id: '12de822af817f9b407f802e5d1bdaa1b') in 0.024769 seconds
Number of updated asset objects reloaded before import = 0Number of asset objects unloaded after import = 3

========================================================================
Received Import Request.
  Time since last request: 0.958004 seconds.
  path: Assets/background.jpg
  artifactKey: Guid(b4700ed29d984534ba16d084b27d070f) Importer(2089858483,b0f066a214c2f5e87bad3c948f4d605d)
Start importing Assets/background.jpg using Guid(b4700ed29d984534ba16d084b27d070f) Importer(2089858483,b0f066a214c2f5e87bad3c948f4d605d) (ScriptedImporter) -> (artifact id: 'fb29377cccf671cdfdac36bcbbccb1c8') in 0.1086579 seconds
Number of updated asset objects reloaded before import = 0Number of asset objects unloaded after import = 3

========================================================================
Received Import Request.
  Time since last request: 61.521570 seconds.
  path: Assets/background.jpg
  artifactKey: Guid(b4700ed29d984534ba16d084b27d070f) Importer(815301076,1909f56bfc062723c751e8b465ee728b)
Start importing Assets/background.jpg using Guid(b4700ed29d984534ba16d084b27d070f) Importer(815301076,1909f56bfc062723c751e8b465ee728b) (PreviewImporter) -> (artifact id: '828aa2e0cabbb059460d7557eca53647') in 0.0377114 seconds
Number of updated asset objects reloaded before import = 0Number of asset objects unloaded after import = 3

========================================================================
Received Import Request.
  Time since last request: 0.940689 seconds.
  path: Assets/background.jpg
  artifactKey: Guid(b4700ed29d984534ba16d084b27d070f) Importer(2089858483,b0f066a214c2f5e87bad3c948f4d605d)
Start importing Assets/background.jpg using Guid(b4700ed29d984534ba16d084b27d070f) Importer(2089858483,b0f066a214c2f5e87bad3c948f4d605d) (ScriptedImporter) -> (artifact id: 'c5602b8a320711d2afaccaba773eac3c') in 0.0141899 seconds
Number of updated asset objects reloaded before import = 0Number of asset objects unloaded after import = 3

========================================================================
Received Prepare
Refreshing native plugins compatible for Editor in 1.14 ms, found 4 plugins.
Preloading 0 native plugins for Editor in 0.00 ms.
Unloading 0 Unused Serialized files (Serialized files now loaded: 0)
Unloading 5002 unused Assets / (1.1 MB). Loaded Objects now: 5635.
Memory consumption went from 103.0 MB to 101.9 MB.
Total: 11.367000 ms (FindLiveObjects: 0.520300 ms CreateObjectMapping: 0.218900 ms MarkObjects: 9.548000 ms  DeleteObjects: 1.078200 ms)

Prepare: number of updated asset objects reloaded= 0
========================================================================
Received Import Request.
  Time since last request: 422.943921 seconds.
  path: Assets/Scripts/GameManager.cs
  artifactKey: Guid(483f6c82710fe8f47b5e638f6c719197) Importer(815301076,1909f56bfc062723c751e8b465ee728b)
Start importing Assets/Scripts/GameManager.cs using Guid(483f6c82710fe8f47b5e638f6c719197) Importer(815301076,1909f56bfc062723c751e8b465ee728b) (PreviewImporter) -> (artifact id: 'a1d00df9ac08978036ef696cc1bce423') in 0.0025707 seconds
Number of updated asset objects reloaded before import = 0Number of asset objects unloaded after import = 0

========================================================================
Received Import Request.
  Time since last request: 0.858388 seconds.
  path: Assets/Scripts/GameManager.cs
  artifactKey: Guid(483f6c82710fe8f47b5e638f6c719197) Importer(2089858483,b0f066a214c2f5e87bad3c948f4d605d)
Start importing Assets/Scripts/GameManager.cs using Guid(483f6c82710fe8f47b5e638f6c719197) Importer(2089858483,b0f066a214c2f5e87bad3c948f4d605d) (ScriptedImporter) -> (artifact id: '49dd631b7764253d714eeaf03a329ec4') in 0.0164477 seconds
Number of updated asset objects reloaded before import = 0Number of asset objects unloaded after import = 0

========================================================================
Received Prepare
Begin MonoManager ReloadAssembly
[Licensing::Client] Successfully resolved entitlement details
- Loaded All Assemblies, in  0.806 seconds
Refreshing native plugins compatible for Editor in 0.66 ms, found 4 plugins.
Native extension for WindowsStandalone target not found
Native extension for WebGL target not found
[Package Manager] Failed to launch server process. Reason: Unity was launched with the -noUpm command-line argument
[Package Manager] Unable to send message (not connected to server process).
[Package Manager] Cannot connect to Unity Package Manager local server
Mono: successfully reloaded assembly
- Finished resetting the current domain, in  0.720 seconds
Domain Reload Profiling: 1527ms
	BeginReloadAssembly (266ms)
		ExecutionOrderSort (0ms)
		DisableScriptedObjects (17ms)
		BackupInstance (0ms)
		ReleaseScriptingObjects (0ms)
		CreateAndSetChildDomain (70ms)
	RebuildCommonClasses (34ms)
	RebuildNativeTypeToScriptingClass (12ms)
	initialDomainReloadingComplete (26ms)
	LoadAllAssembliesAndSetupDomain (470ms)
		LoadAssemblies (430ms)
		RebuildTransferFunctionScriptingTraits (0ms)
		AnalyzeDomain (166ms)
			TypeCache.Refresh (9ms)
				TypeCache.ScanAssembly (1ms)
			BuildScriptInfoCaches (148ms)
			ResolveRequiredComponents (4ms)
	FinalizeReload (720ms)
		ReleaseScriptCaches (0ms)
		RebuildScriptCaches (0ms)
		SetupLoadedEditorAssemblies (608ms)
			LogAssemblyErrors (0ms)
			InitializePlatformSupportModulesInManaged (2ms)
			SetLoadedEditorAssemblies (3ms)
			BeforeProcessingInitializeOnLoad (132ms)
			ProcessInitializeOnLoadAttributes (414ms)
			ProcessInitializeOnLoadMethodAttributes (50ms)
			AfterProcessingInitializeOnLoad (7ms)
			EditorAssembliesLoaded (1ms)
		ExecutionOrderSort2 (0ms)
		AwakeInstancesAfterBackupRestoration (6ms)
Refreshing native plugins compatible for Editor in 1.06 ms, found 4 plugins.
Preloading 0 native plugins for Editor in 0.00 ms.
Unloading 0 Unused Serialized files (Serialized files now loaded: 0)
Unloading 5012 unused Assets / (1.4 MB). Loaded Objects now: 5637.
Memory consumption went from 104.6 MB to 103.2 MB.
Total: 7.426800 ms (FindLiveObjects: 0.538800 ms CreateObjectMapping: 0.409700 ms MarkObjects: 5.260500 ms  DeleteObjects: 1.216600 ms)

Prepare: number of updated asset objects reloaded= 0
========================================================================
Received Import Request.
  Time since last request: 7.641494 seconds.
  path: Assets/Scripts/GameManager.cs
  artifactKey: Guid(483f6c82710fe8f47b5e638f6c719197) Importer(815301076,1909f56bfc062723c751e8b465ee728b)
Start importing Assets/Scripts/GameManager.cs using Guid(483f6c82710fe8f47b5e638f6c719197) Importer(815301076,1909f56bfc062723c751e8b465ee728b) (PreviewImporter) -> (artifact id: '65cf81c975f63e5c2d967e1243c3b784') in 0.0028851 seconds
Number of updated asset objects reloaded before import = 0Number of asset objects unloaded after import = 0

========================================================================
Received Prepare
Begin MonoManager ReloadAssembly
- Loaded All Assemblies, in  0.549 seconds
Refreshing native plugins compatible for Editor in 0.76 ms, found 4 plugins.
Native extension for WindowsStandalone target not found
Native extension for WebGL target not found
[Package Manager] Failed to launch server process. Reason: Unity was launched with the -noUpm command-line argument
[Package Manager] Unable to send message (not connected to server process).
[Package Manager] Cannot connect to Unity Package Manager local server
Mono: successfully reloaded assembly
- Finished resetting the current domain, in  0.656 seconds
Domain Reload Profiling: 1205ms
	BeginReloadAssembly (186ms)
		ExecutionOrderSort (0ms)
		DisableScriptedObjects (13ms)
		BackupInstance (0ms)
		ReleaseScriptingObjects (0ms)
		CreateAndSetChildDomain (55ms)
	RebuildCommonClasses (30ms)
	RebuildNativeTypeToScriptingClass (11ms)
	initialDomainReloadingComplete (22ms)
	LoadAllAssembliesAndSetupDomain (300ms)
		LoadAssemblies (254ms)
		RebuildTransferFunctionScriptingTraits (0ms)
		AnalyzeDomain (124ms)
			TypeCache.Refresh (7ms)
				TypeCache.ScanAssembly (1ms)
			BuildScriptInfoCaches (110ms)
			ResolveRequiredComponents (4ms)
	FinalizeReload (657ms)
		ReleaseScriptCaches (0ms)
		RebuildScriptCaches (0ms)
		SetupLoadedEditorAssemblies (545ms)
			LogAssemblyErrors (0ms)
			InitializePlatformSupportModulesInManaged (2ms)
			SetLoadedEditorAssemblies (3ms)
			BeforeProcessingInitializeOnLoad (127ms)
			ProcessInitializeOnLoadAttributes (365ms)
			ProcessInitializeOnLoadMethodAttributes (44ms)
			AfterProcessingInitializeOnLoad (5ms)
			EditorAssembliesLoaded (0ms)
		ExecutionOrderSort2 (0ms)
		AwakeInstancesAfterBackupRestoration (5ms)
Refreshing native plugins compatible for Editor in 0.80 ms, found 4 plugins.
Preloading 0 native plugins for Editor in 0.00 ms.
Unloading 0 Unused Serialized files (Serialized files now loaded: 0)
Unloading 5012 unused Assets / (1.0 MB). Loaded Objects now: 5640.
Memory consumption went from 104.6 MB to 103.7 MB.
Total: 6.780600 ms (FindLiveObjects: 0.620400 ms CreateObjectMapping: 0.323100 ms MarkObjects: 4.853800 ms  DeleteObjects: 0.982200 ms)

Prepare: number of updated asset objects reloaded= 0
========================================================================
Received Import Request.
  Time since last request: 37.957705 seconds.
  path: Assets/Scripts/GameManager.cs
  artifactKey: Guid(483f6c82710fe8f47b5e638f6c719197) Importer(815301076,1909f56bfc062723c751e8b465ee728b)
Start importing Assets/Scripts/GameManager.cs using Guid(483f6c82710fe8f47b5e638f6c719197) Importer(815301076,1909f56bfc062723c751e8b465ee728b) (PreviewImporter) -> (artifact id: 'bd95bcfe699b6b29b277f6a45487f672') in 0.0028609 seconds
Number of updated asset objects reloaded before import = 0Number of asset objects unloaded after import = 0

========================================================================
Received Import Request.
  Time since last request: 3.455718 seconds.
  path: Assets/Scripts/GameManager.cs
  artifactKey: Guid(483f6c82710fe8f47b5e638f6c719197) Importer(2089858483,b0f066a214c2f5e87bad3c948f4d605d)
Start importing Assets/Scripts/GameManager.cs using Guid(483f6c82710fe8f47b5e638f6c719197) Importer(2089858483,b0f066a214c2f5e87bad3c948f4d605d) (ScriptedImporter) -> (artifact id: 'beeb3a523ef7a0fef8ce4a278064e1c3') in 0.0564168 seconds
Number of updated asset objects reloaded before import = 0Number of asset objects unloaded after import = 0

========================================================================
Received Prepare
Refreshing native plugins compatible for Editor in 1.08 ms, found 4 plugins.
Preloading 0 native plugins for Editor in 0.00 ms.
Unloading 0 Unused Serialized files (Serialized files now loaded: 0)
Unloading 5003 unused Assets / (1.4 MB). Loaded Objects now: 5641.
Memory consumption went from 104.8 MB to 103.4 MB.
Total: 7.722300 ms (FindLiveObjects: 0.527300 ms CreateObjectMapping: 0.200600 ms MarkObjects: 5.543300 ms  DeleteObjects: 1.450000 ms)

Prepare: number of updated asset objects reloaded= 0
========================================================================
Received Import Request.
  Time since last request: 5.209976 seconds.
  path: Assets/Scripts/Unit.cs
  artifactKey: Guid(38070c910a6de974599371e23c599cce) Importer(2089858483,b0f066a214c2f5e87bad3c948f4d605d)
Start importing Assets/Scripts/Unit.cs using Guid(38070c910a6de974599371e23c599cce) Importer(2089858483,b0f066a214c2f5e87bad3c948f4d605d) (ScriptedImporter) -> (artifact id: '919754c63c49913742310f292d58c9fc') in 0.0146008 seconds
Number of updated asset objects reloaded before import = 0Number of asset objects unloaded after import = 0

========================================================================
Received Prepare
Begin MonoManager ReloadAssembly
- Loaded All Assemblies, in  0.631 seconds
Refreshing native plugins compatible for Editor in 1.32 ms, found 4 plugins.
Native extension for WindowsStandalone target not found
Native extension for WebGL target not found
[Package Manager] Failed to launch server process. Reason: Unity was launched with the -noUpm command-line argument
[Package Manager] Unable to send message (not connected to server process).
[Package Manager] Cannot connect to Unity Package Manager local server
Mono: successfully reloaded assembly
- Finished resetting the current domain, in  0.683 seconds
Domain Reload Profiling: 1315ms
	BeginReloadAssembly (187ms)
		ExecutionOrderSort (0ms)
		DisableScriptedObjects (10ms)
		BackupInstance (0ms)
		ReleaseScriptingObjects (0ms)
		CreateAndSetChildDomain (51ms)
	RebuildCommonClasses (32ms)
	RebuildNativeTypeToScriptingClass (12ms)
	initialDomainReloadingComplete (24ms)
	LoadAllAssembliesAndSetupDomain (377ms)
		LoadAssemblies (335ms)
		RebuildTransferFunctionScriptingTraits (0ms)
		AnalyzeDomain (129ms)
			TypeCache.Refresh (7ms)
				TypeCache.ScanAssembly (1ms)
			BuildScriptInfoCaches (115ms)
			ResolveRequiredComponents (4ms)
	FinalizeReload (683ms)
		ReleaseScriptCaches (0ms)
		RebuildScriptCaches (0ms)
		SetupLoadedEditorAssemblies (574ms)
			LogAssemblyErrors (0ms)
			InitializePlatformSupportModulesInManaged (2ms)
			SetLoadedEditorAssemblies (3ms)
			BeforeProcessingInitializeOnLoad (125ms)
			ProcessInitializeOnLoadAttributes (391ms)
			ProcessInitializeOnLoadMethodAttributes (48ms)
			AfterProcessingInitializeOnLoad (5ms)
			EditorAssembliesLoaded (0ms)
		ExecutionOrderSort2 (0ms)
		AwakeInstancesAfterBackupRestoration (6ms)
Refreshing native plugins compatible for Editor in 0.92 ms, found 4 plugins.
Preloading 0 native plugins for Editor in 0.00 ms.
Unloading 0 Unused Serialized files (Serialized files now loaded: 0)
Unloading 5013 unused Assets / (1.4 MB). Loaded Objects now: 5644.
Memory consumption went from 104.6 MB to 103.3 MB.
Total: 7.898800 ms (FindLiveObjects: 0.514000 ms CreateObjectMapping: 0.231400 ms MarkObjects: 5.938100 ms  DeleteObjects: 1.214100 ms)

Prepare: number of updated asset objects reloaded= 0
========================================================================
Received Prepare
Refreshing native plugins compatible for Editor in 0.93 ms, found 4 plugins.
Preloading 0 native plugins for Editor in 0.00 ms.
Unloading 0 Unused Serialized files (Serialized files now loaded: 0)
Unloading 5003 unused Assets / (1.4 MB). Loaded Objects now: 5644.
Memory consumption went from 104.8 MB to 103.4 MB.
Total: 8.667200 ms (FindLiveObjects: 0.528600 ms CreateObjectMapping: 0.205700 ms MarkObjects: 6.526700 ms  DeleteObjects: 1.404700 ms)

Prepare: number of updated asset objects reloaded= 0
========================================================================
Received Import Request.
  Time since last request: 10.200979 seconds.
  path: Assets/Scripts/UnitCard.cs
  artifactKey: Guid(38070c910a6de974599371e23c599cce) Importer(815301076,1909f56bfc062723c751e8b465ee728b)
Start importing Assets/Scripts/UnitCard.cs using Guid(38070c910a6de974599371e23c599cce) Importer(815301076,1909f56bfc062723c751e8b465ee728b) (PreviewImporter) -> (artifact id: '977475fa6e97645ab6d0affd728f4218') in 0.0028669 seconds
Number of updated asset objects reloaded before import = 0Number of asset objects unloaded after import = 0

========================================================================
Received Import Request.
  Time since last request: 0.972692 seconds.
  path: Assets/Scripts/UnitCard.cs
  artifactKey: Guid(38070c910a6de974599371e23c599cce) Importer(2089858483,b0f066a214c2f5e87bad3c948f4d605d)
Start importing Assets/Scripts/UnitCard.cs using Guid(38070c910a6de974599371e23c599cce) Importer(2089858483,b0f066a214c2f5e87bad3c948f4d605d) (ScriptedImporter) -> (artifact id: '90ac7b431cbaa3b7dabeb63953541eb4') in 0.0815065 seconds
Number of updated asset objects reloaded before import = 0Number of asset objects unloaded after import = 0

========================================================================
Received Prepare
Begin MonoManager ReloadAssembly
[Licensing::Client] Successfully resolved entitlement details
- Loaded All Assemblies, in  0.560 seconds
Refreshing native plugins compatible for Editor in 0.93 ms, found 4 plugins.
Native extension for WindowsStandalone target not found
Native extension for WebGL target not found
[Package Manager] Failed to launch server process. Reason: Unity was launched with the -noUpm command-line argument
[Package Manager] Unable to send message (not connected to server process).
[Package Manager] Cannot connect to Unity Package Manager local server
Mono: successfully reloaded assembly
- Finished resetting the current domain, in  0.685 seconds
Domain Reload Profiling: 1245ms
	BeginReloadAssembly (194ms)
		ExecutionOrderSort (0ms)
		DisableScriptedObjects (14ms)
		BackupInstance (0ms)
		ReleaseScriptingObjects (0ms)
		CreateAndSetChildDomain (56ms)
	RebuildCommonClasses (30ms)
	RebuildNativeTypeToScriptingClass (12ms)
	initialDomainReloadingComplete (25ms)
	LoadAllAssembliesAndSetupDomain (299ms)
		LoadAssemblies (256ms)
		RebuildTransferFunctionScriptingTraits (0ms)
		AnalyzeDomain (125ms)
			TypeCache.Refresh (7ms)
				TypeCache.ScanAssembly (1ms)
			BuildScriptInfoCaches (111ms)
			ResolveRequiredComponents (4ms)
	FinalizeReload (685ms)
		ReleaseScriptCaches (0ms)
		RebuildScriptCaches (0ms)
		SetupLoadedEditorAssemblies (571ms)
			LogAssemblyErrors (0ms)
			InitializePlatformSupportModulesInManaged (2ms)
			SetLoadedEditorAssemblies (3ms)
			BeforeProcessingInitializeOnLoad (115ms)
			ProcessInitializeOnLoadAttributes (392ms)
			ProcessInitializeOnLoadMethodAttributes (53ms)
			AfterProcessingInitializeOnLoad (5ms)
			EditorAssembliesLoaded (0ms)
		ExecutionOrderSort2 (0ms)
		AwakeInstancesAfterBackupRestoration (6ms)
Refreshing native plugins compatible for Editor in 0.91 ms, found 4 plugins.
Preloading 0 native plugins for Editor in 0.00 ms.
Unloading 0 Unused Serialized files (Serialized files now loaded: 0)
Unloading 5013 unused Assets / (1.5 MB). Loaded Objects now: 5647.
Memory consumption went from 104.6 MB to 103.2 MB.
Total: 7.594200 ms (FindLiveObjects: 0.526500 ms CreateObjectMapping: 0.425700 ms MarkObjects: 4.902400 ms  DeleteObjects: 1.738600 ms)

Prepare: number of updated asset objects reloaded= 0
========================================================================
Received Import Request.
  Time since last request: 13.746172 seconds.
  path: Assets/Scripts/UnitCard.cs
  artifactKey: Guid(38070c910a6de974599371e23c599cce) Importer(815301076,1909f56bfc062723c751e8b465ee728b)
Start importing Assets/Scripts/UnitCard.cs using Guid(38070c910a6de974599371e23c599cce) Importer(815301076,1909f56bfc062723c751e8b465ee728b) (PreviewImporter) -> (artifact id: 'eeec0d192cb48db2dc28943a5dd5df05') in 0.0029196 seconds
Number of updated asset objects reloaded before import = 0Number of asset objects unloaded after import = 0

========================================================================
Received Prepare
Begin MonoManager ReloadAssembly
[Licensing::Client] Successfully resolved entitlement details
- Loaded All Assemblies, in  0.578 seconds
Refreshing native plugins compatible for Editor in 0.64 ms, found 4 plugins.
Native extension for WindowsStandalone target not found
Native extension for WebGL target not found
[Package Manager] Failed to launch server process. Reason: Unity was launched with the -noUpm command-line argument
[Package Manager] Unable to send message (not connected to server process).
[Package Manager] Cannot connect to Unity Package Manager local server
Mono: successfully reloaded assembly
- Finished resetting the current domain, in  0.639 seconds
Domain Reload Profiling: 1218ms
	BeginReloadAssembly (196ms)
		ExecutionOrderSort (0ms)
		DisableScriptedObjects (14ms)
		BackupInstance (0ms)
		ReleaseScriptingObjects (0ms)
		CreateAndSetChildDomain (50ms)
	RebuildCommonClasses (39ms)
	RebuildNativeTypeToScriptingClass (15ms)
	initialDomainReloadingComplete (23ms)
	LoadAllAssembliesAndSetupDomain (305ms)
		LoadAssemblies (262ms)
		RebuildTransferFunctionScriptingTraits (0ms)
		AnalyzeDomain (130ms)
			TypeCache.Refresh (7ms)
				TypeCache.ScanAssembly (1ms)
			BuildScriptInfoCaches (114ms)
			ResolveRequiredComponents (6ms)
	FinalizeReload (639ms)
		ReleaseScriptCaches (0ms)
		RebuildScriptCaches (0ms)
		SetupLoadedEditorAssemblies (529ms)
			LogAssemblyErrors (0ms)
			InitializePlatformSupportModulesInManaged (2ms)
			SetLoadedEditorAssemblies (3ms)
			BeforeProcessingInitializeOnLoad (114ms)
			ProcessInitializeOnLoadAttributes (363ms)
			ProcessInitializeOnLoadMethodAttributes (43ms)
			AfterProcessingInitializeOnLoad (5ms)
			EditorAssembliesLoaded (0ms)
		ExecutionOrderSort2 (0ms)
		AwakeInstancesAfterBackupRestoration (5ms)
Refreshing native plugins compatible for Editor in 0.75 ms, found 4 plugins.
Preloading 0 native plugins for Editor in 0.00 ms.
Unloading 0 Unused Serialized files (Serialized files now loaded: 0)
Unloading 5013 unused Assets / (1.2 MB). Loaded Objects now: 5650.
Memory consumption went from 104.7 MB to 103.5 MB.
Total: 7.235700 ms (FindLiveObjects: 0.540100 ms CreateObjectMapping: 0.432500 ms MarkObjects: 5.107900 ms  DeleteObjects: 1.154300 ms)

Prepare: number of updated asset objects reloaded= 0
========================================================================
Received Prepare
Begin MonoManager ReloadAssembly
- Loaded All Assemblies, in  0.558 seconds
Refreshing native plugins compatible for Editor in 1.04 ms, found 4 plugins.
Native extension for WindowsStandalone target not found
Native extension for WebGL target not found
[Package Manager] Failed to launch server process. Reason: Unity was launched with the -noUpm command-line argument
[Package Manager] Unable to send message (not connected to server process).
[Package Manager] Cannot connect to Unity Package Manager local server
Mono: successfully reloaded assembly
- Finished resetting the current domain, in  0.693 seconds
Domain Reload Profiling: 1251ms
	BeginReloadAssembly (184ms)
		ExecutionOrderSort (0ms)
		DisableScriptedObjects (12ms)
		BackupInstance (0ms)
		ReleaseScriptingObjects (0ms)
		CreateAndSetChildDomain (49ms)
	RebuildCommonClasses (31ms)
	RebuildNativeTypeToScriptingClass (13ms)
	initialDomainReloadingComplete (22ms)
	LoadAllAssembliesAndSetupDomain (308ms)
		LoadAssemblies (267ms)
		RebuildTransferFunctionScriptingTraits (0ms)
		AnalyzeDomain (122ms)
			TypeCache.Refresh (5ms)
				TypeCache.ScanAssembly (0ms)
			BuildScriptInfoCaches (110ms)
			ResolveRequiredComponents (4ms)
	FinalizeReload (693ms)
		ReleaseScriptCaches (0ms)
		RebuildScriptCaches (0ms)
		SetupLoadedEditorAssemblies (583ms)
			LogAssemblyErrors (0ms)
			InitializePlatformSupportModulesInManaged (2ms)
			SetLoadedEditorAssemblies (3ms)
			BeforeProcessingInitializeOnLoad (118ms)
			ProcessInitializeOnLoadAttributes (399ms)
			ProcessInitializeOnLoadMethodAttributes (56ms)
			AfterProcessingInitializeOnLoad (6ms)
			EditorAssembliesLoaded (0ms)
		ExecutionOrderSort2 (0ms)
		AwakeInstancesAfterBackupRestoration (6ms)
Refreshing native plugins compatible for Editor in 1.09 ms, found 4 plugins.
Preloading 0 native plugins for Editor in 0.00 ms.
Unloading 0 Unused Serialized files (Serialized files now loaded: 0)
Unloading 5013 unused Assets / (1.3 MB). Loaded Objects now: 5653.
Memory consumption went from 104.7 MB to 103.4 MB.
Total: 8.041300 ms (FindLiveObjects: 0.601300 ms CreateObjectMapping: 0.415600 ms MarkObjects: 5.784600 ms  DeleteObjects: 1.238500 ms)

Prepare: number of updated asset objects reloaded= 0
========================================================================
Received Prepare
Begin MonoManager ReloadAssembly
[Licensing::Client] Successfully resolved entitlement details
- Loaded All Assemblies, in  0.619 seconds
Refreshing native plugins compatible for Editor in 0.72 ms, found 4 plugins.
Native extension for WindowsStandalone target not found
Native extension for WebGL target not found
[Package Manager] Failed to launch server process. Reason: Unity was launched with the -noUpm command-line argument
[Package Manager] Unable to send message (not connected to server process).
[Package Manager] Cannot connect to Unity Package Manager local server
Mono: successfully reloaded assembly
- Finished resetting the current domain, in  0.694 seconds
Domain Reload Profiling: 1314ms
	BeginReloadAssembly (199ms)
		ExecutionOrderSort (0ms)
		DisableScriptedObjects (15ms)
		BackupInstance (0ms)
		ReleaseScriptingObjects (0ms)
		CreateAndSetChildDomain (51ms)
	RebuildCommonClasses (31ms)
	RebuildNativeTypeToScriptingClass (11ms)
	initialDomainReloadingComplete (25ms)
	LoadAllAssembliesAndSetupDomain (353ms)
		LoadAssemblies (322ms)
		RebuildTransferFunctionScriptingTraits (0ms)
		AnalyzeDomain (120ms)
			TypeCache.Refresh (7ms)
				TypeCache.ScanAssembly (0ms)
			BuildScriptInfoCaches (106ms)
			ResolveRequiredComponents (4ms)
	FinalizeReload (695ms)
		ReleaseScriptCaches (0ms)
		RebuildScriptCaches (0ms)
		SetupLoadedEditorAssemblies (588ms)
			LogAssemblyErrors (0ms)
			InitializePlatformSupportModulesInManaged (2ms)
			SetLoadedEditorAssemblies (3ms)
			BeforeProcessingInitializeOnLoad (122ms)
			ProcessInitializeOnLoadAttributes (401ms)
			ProcessInitializeOnLoadMethodAttributes (56ms)
			AfterProcessingInitializeOnLoad (5ms)
			EditorAssembliesLoaded (0ms)
		ExecutionOrderSort2 (0ms)
		AwakeInstancesAfterBackupRestoration (6ms)
Refreshing native plugins compatible for Editor in 0.95 ms, found 4 plugins.
Preloading 0 native plugins for Editor in 0.00 ms.
Unloading 0 Unused Serialized files (Serialized files now loaded: 0)
Unloading 5013 unused Assets / (1.6 MB). Loaded Objects now: 5656.
Memory consumption went from 104.7 MB to 103.1 MB.
Total: 9.180000 ms (FindLiveObjects: 0.590800 ms CreateObjectMapping: 0.607100 ms MarkObjects: 6.076900 ms  DeleteObjects: 1.903900 ms)

Prepare: number of updated asset objects reloaded= 0
========================================================================
Received Prepare
Begin MonoManager ReloadAssembly
- Loaded All Assemblies, in  0.557 seconds
Refreshing native plugins compatible for Editor in 0.70 ms, found 4 plugins.
Native extension for WindowsStandalone target not found
Native extension for WebGL target not found
[Package Manager] Failed to launch server process. Reason: Unity was launched with the -noUpm command-line argument
[Package Manager] Unable to send message (not connected to server process).
[Package Manager] Cannot connect to Unity Package Manager local server
Mono: successfully reloaded assembly
- Finished resetting the current domain, in  0.690 seconds
Domain Reload Profiling: 1247ms
	BeginReloadAssembly (183ms)
		ExecutionOrderSort (0ms)
		DisableScriptedObjects (11ms)
		BackupInstance (0ms)
		ReleaseScriptingObjects (0ms)
		CreateAndSetChildDomain (54ms)
	RebuildCommonClasses (28ms)
	RebuildNativeTypeToScriptingClass (11ms)
	initialDomainReloadingComplete (22ms)
	LoadAllAssembliesAndSetupDomain (313ms)
		LoadAssemblies (250ms)
		RebuildTransferFunctionScriptingTraits (0ms)
		AnalyzeDomain (139ms)
			TypeCache.Refresh (5ms)
				TypeCache.ScanAssembly (0ms)
			BuildScriptInfoCaches (127ms)
			ResolveRequiredComponents (4ms)
	FinalizeReload (690ms)
		ReleaseScriptCaches (0ms)
		RebuildScriptCaches (0ms)
		SetupLoadedEditorAssemblies (584ms)
			LogAssemblyErrors (0ms)
			InitializePlatformSupportModulesInManaged (3ms)
			SetLoadedEditorAssemblies (3ms)
			BeforeProcessingInitializeOnLoad (128ms)
			ProcessInitializeOnLoadAttributes (398ms)
			ProcessInitializeOnLoadMethodAttributes (46ms)
			AfterProcessingInitializeOnLoad (6ms)
			EditorAssembliesLoaded (0ms)
		ExecutionOrderSort2 (0ms)
		AwakeInstancesAfterBackupRestoration (6ms)
Refreshing native plugins compatible for Editor in 1.13 ms, found 4 plugins.
Preloading 0 native plugins for Editor in 0.00 ms.
Unloading 0 Unused Serialized files (Serialized files now loaded: 0)
Unloading 5013 unused Assets / (1.3 MB). Loaded Objects now: 5659.
Memory consumption went from 104.7 MB to 103.4 MB.
Total: 9.592800 ms (FindLiveObjects: 0.864100 ms CreateObjectMapping: 0.514000 ms MarkObjects: 6.694800 ms  DeleteObjects: 1.518200 ms)

Prepare: number of updated asset objects reloaded= 0
========================================================================
Received Prepare
Begin MonoManager ReloadAssembly
[Licensing::Client] Successfully resolved entitlement details
- Loaded All Assemblies, in  0.535 seconds
Refreshing native plugins compatible for Editor in 1.09 ms, found 4 plugins.
Native extension for WindowsStandalone target not found
Native extension for WebGL target not found
[Package Manager] Failed to launch server process. Reason: Unity was launched with the -noUpm command-line argument
[Package Manager] Unable to send message (not connected to server process).
[Package Manager] Cannot connect to Unity Package Manager local server
Mono: successfully reloaded assembly
- Finished resetting the current domain, in  0.680 seconds
Domain Reload Profiling: 1215ms
	BeginReloadAssembly (173ms)
		ExecutionOrderSort (0ms)
		DisableScriptedObjects (13ms)
		BackupInstance (0ms)
		ReleaseScriptingObjects (0ms)
		CreateAndSetChildDomain (47ms)
	RebuildCommonClasses (28ms)
	RebuildNativeTypeToScriptingClass (14ms)
	initialDomainReloadingComplete (22ms)
	LoadAllAssembliesAndSetupDomain (298ms)
		LoadAssemblies (243ms)
		RebuildTransferFunctionScriptingTraits (0ms)
		AnalyzeDomain (126ms)
			TypeCache.Refresh (5ms)
				TypeCache.ScanAssembly (0ms)
			BuildScriptInfoCaches (113ms)
			ResolveRequiredComponents (5ms)
	FinalizeReload (680ms)
		ReleaseScriptCaches (0ms)
		RebuildScriptCaches (0ms)
		SetupLoadedEditorAssemblies (576ms)
			LogAssemblyErrors (0ms)
			InitializePlatformSupportModulesInManaged (2ms)
			SetLoadedEditorAssemblies (3ms)
			BeforeProcessingInitializeOnLoad (122ms)
			ProcessInitializeOnLoadAttributes (400ms)
			ProcessInitializeOnLoadMethodAttributes (45ms)
			AfterProcessingInitializeOnLoad (5ms)
			EditorAssembliesLoaded (0ms)
		ExecutionOrderSort2 (0ms)
		AwakeInstancesAfterBackupRestoration (5ms)
Refreshing native plugins compatible for Editor in 0.93 ms, found 4 plugins.
Preloading 0 native plugins for Editor in 0.00 ms.
Unloading 0 Unused Serialized files (Serialized files now loaded: 0)
Unloading 5013 unused Assets / (1.3 MB). Loaded Objects now: 5662.
Memory consumption went from 104.7 MB to 103.4 MB.
Total: 8.209500 ms (FindLiveObjects: 0.795600 ms CreateObjectMapping: 0.502600 ms MarkObjects: 5.472500 ms  DeleteObjects: 1.437400 ms)

Prepare: number of updated asset objects reloaded= 0
========================================================================
Received Prepare
Begin MonoManager ReloadAssembly
- Loaded All Assemblies, in  0.527 seconds
Refreshing native plugins compatible for Editor in 0.70 ms, found 4 plugins.
Native extension for WindowsStandalone target not found
Native extension for WebGL target not found
[Package Manager] Failed to launch server process. Reason: Unity was launched with the -noUpm command-line argument
[Package Manager] Unable to send message (not connected to server process).
[Package Manager] Cannot connect to Unity Package Manager local server
Mono: successfully reloaded assembly
- Finished resetting the current domain, in  0.691 seconds
Domain Reload Profiling: 1218ms
	BeginReloadAssembly (173ms)
		ExecutionOrderSort (0ms)
		DisableScriptedObjects (11ms)
		BackupInstance (0ms)
		ReleaseScriptingObjects (0ms)
		CreateAndSetChildDomain (47ms)
	RebuildCommonClasses (30ms)
	RebuildNativeTypeToScriptingClass (14ms)
	initialDomainReloadingComplete (23ms)
	LoadAllAssembliesAndSetupDomain (287ms)
		LoadAssemblies (246ms)
		RebuildTransferFunctionScriptingTraits (0ms)
		AnalyzeDomain (116ms)
			TypeCache.Refresh (4ms)
				TypeCache.ScanAssembly (0ms)
			BuildScriptInfoCaches (105ms)
			ResolveRequiredComponents (4ms)
	FinalizeReload (691ms)
		ReleaseScriptCaches (0ms)
		RebuildScriptCaches (0ms)
		SetupLoadedEditorAssemblies (576ms)
			LogAssemblyErrors (0ms)
			InitializePlatformSupportModulesInManaged (3ms)
			SetLoadedEditorAssemblies (3ms)
			BeforeProcessingInitializeOnLoad (123ms)
			ProcessInitializeOnLoadAttributes (393ms)
			ProcessInitializeOnLoadMethodAttributes (48ms)
			AfterProcessingInitializeOnLoad (6ms)
			EditorAssembliesLoaded (0ms)
		ExecutionOrderSort2 (0ms)
		AwakeInstancesAfterBackupRestoration (8ms)
Refreshing native plugins compatible for Editor in 1.08 ms, found 4 plugins.
Preloading 0 native plugins for Editor in 0.00 ms.
Unloading 0 Unused Serialized files (Serialized files now loaded: 0)
Unloading 5013 unused Assets / (1.5 MB). Loaded Objects now: 5665.
Memory consumption went from 104.7 MB to 103.2 MB.
Total: 8.974900 ms (FindLiveObjects: 0.563100 ms CreateObjectMapping: 0.639400 ms MarkObjects: 6.014500 ms  DeleteObjects: 1.756400 ms)

Prepare: number of updated asset objects reloaded= 0
========================================================================
Received Prepare
Begin MonoManager ReloadAssembly
[Licensing::Client] Successfully resolved entitlement details
- Loaded All Assemblies, in  0.562 seconds
Refreshing native plugins compatible for Editor in 0.79 ms, found 4 plugins.
Native extension for WindowsStandalone target not found
Native extension for WebGL target not found
[Package Manager] Failed to launch server process. Reason: Unity was launched with the -noUpm command-line argument
[Package Manager] Unable to send message (not connected to server process).
[Package Manager] Cannot connect to Unity Package Manager local server
Mono: successfully reloaded assembly
- Finished resetting the current domain, in  0.668 seconds
Domain Reload Profiling: 1231ms
	BeginReloadAssembly (183ms)
		ExecutionOrderSort (0ms)
		DisableScriptedObjects (13ms)
		BackupInstance (0ms)
		ReleaseScriptingObjects (0ms)
		CreateAndSetChildDomain (52ms)
	RebuildCommonClasses (28ms)
	RebuildNativeTypeToScriptingClass (16ms)
	initialDomainReloadingComplete (22ms)
	LoadAllAssembliesAndSetupDomain (313ms)
		LoadAssemblies (254ms)
		RebuildTransferFunctionScriptingTraits (0ms)
		AnalyzeDomain (133ms)
			TypeCache.Refresh (9ms)
				TypeCache.ScanAssembly (1ms)
			BuildScriptInfoCaches (117ms)
			ResolveRequiredComponents (4ms)
	FinalizeReload (668ms)
		ReleaseScriptCaches (0ms)
		RebuildScriptCaches (0ms)
		SetupLoadedEditorAssemblies (559ms)
			LogAssemblyErrors (0ms)
			InitializePlatformSupportModulesInManaged (2ms)
			SetLoadedEditorAssemblies (3ms)
			BeforeProcessingInitializeOnLoad (139ms)
			ProcessInitializeOnLoadAttributes (367ms)
			ProcessInitializeOnLoadMethodAttributes (43ms)
			AfterProcessingInitializeOnLoad (5ms)
			EditorAssembliesLoaded (0ms)
		ExecutionOrderSort2 (0ms)
		AwakeInstancesAfterBackupRestoration (5ms)
Refreshing native plugins compatible for Editor in 1.42 ms, found 4 plugins.
Preloading 0 native plugins for Editor in 0.00 ms.
Unloading 0 Unused Serialized files (Serialized files now loaded: 0)
Unloading 5013 unused Assets / (1.3 MB). Loaded Objects now: 5668.
Memory consumption went from 104.7 MB to 103.4 MB.
Total: 13.506500 ms (FindLiveObjects: 1.024200 ms CreateObjectMapping: 1.121500 ms MarkObjects: 9.062100 ms  DeleteObjects: 2.296800 ms)

Prepare: number of updated asset objects reloaded= 0
========================================================================
Received Prepare
Begin MonoManager ReloadAssembly
- Loaded All Assemblies, in  0.532 seconds
Refreshing native plugins compatible for Editor in 0.73 ms, found 4 plugins.
Native extension for WindowsStandalone target not found
Native extension for WebGL target not found
[Package Manager] Failed to launch server process. Reason: Unity was launched with the -noUpm command-line argument
[Package Manager] Unable to send message (not connected to server process).
[Package Manager] Cannot connect to Unity Package Manager local server
Mono: successfully reloaded assembly
- Finished resetting the current domain, in  0.671 seconds
Domain Reload Profiling: 1204ms
	BeginReloadAssembly (185ms)
		ExecutionOrderSort (0ms)
		DisableScriptedObjects (11ms)
		BackupInstance (0ms)
		ReleaseScriptingObjects (0ms)
		CreateAndSetChildDomain (47ms)
	RebuildCommonClasses (28ms)
	RebuildNativeTypeToScriptingClass (11ms)
	initialDomainReloadingComplete (21ms)
	LoadAllAssembliesAndSetupDomain (288ms)
		LoadAssemblies (255ms)
		RebuildTransferFunctionScriptingTraits (0ms)
		AnalyzeDomain (118ms)
			TypeCache.Refresh (4ms)
				TypeCache.ScanAssembly (0ms)
			BuildScriptInfoCaches (106ms)
			ResolveRequiredComponents (5ms)
	FinalizeReload (671ms)
		ReleaseScriptCaches (0ms)
		RebuildScriptCaches (0ms)
		SetupLoadedEditorAssemblies (567ms)
			LogAssemblyErrors (0ms)
			InitializePlatformSupportModulesInManaged (2ms)
			SetLoadedEditorAssemblies (3ms)
			BeforeProcessingInitializeOnLoad (116ms)
			ProcessInitializeOnLoadAttributes (396ms)
			ProcessInitializeOnLoadMethodAttributes (45ms)
			AfterProcessingInitializeOnLoad (5ms)
			EditorAssembliesLoaded (0ms)
		ExecutionOrderSort2 (0ms)
		AwakeInstancesAfterBackupRestoration (6ms)
Refreshing native plugins compatible for Editor in 0.92 ms, found 4 plugins.
Preloading 0 native plugins for Editor in 0.00 ms.
Unloading 0 Unused Serialized files (Serialized files now loaded: 0)
Unloading 5013 unused Assets / (1.3 MB). Loaded Objects now: 5671.
Memory consumption went from 104.7 MB to 103.4 MB.
Total: 7.890600 ms (FindLiveObjects: 0.554400 ms CreateObjectMapping: 0.283200 ms MarkObjects: 5.784500 ms  DeleteObjects: 1.266900 ms)

Prepare: number of updated asset objects reloaded= 0
========================================================================
Received Import Request.
  Time since last request: 2544.277750 seconds.
  path: Assets/Scripts/UnitCard.cs
  artifactKey: Guid(38070c910a6de974599371e23c599cce) Importer(2089858483,b0f066a214c2f5e87bad3c948f4d605d)
Start importing Assets/Scripts/UnitCard.cs using Guid(38070c910a6de974599371e23c599cce) Importer(2089858483,b0f066a214c2f5e87bad3c948f4d605d) (ScriptedImporter) -> (artifact id: '568fe318db86eae11fe8615808f2906d') in 0.0717523 seconds
Number of updated asset objects reloaded before import = 0Number of asset objects unloaded after import = 0

========================================================================
Received Import Request.
  Time since last request: 0.000022 seconds.
  path: Assets/Scenes/GameScene.unity
  artifactKey: Guid(d92f155bff0d20d4a8346da3739f926d) Importer(2089858483,b0f066a214c2f5e87bad3c948f4d605d)
Start importing Assets/Scenes/GameScene.unity using Guid(d92f155bff0d20d4a8346da3739f926d) Importer(2089858483,b0f066a214c2f5e87bad3c948f4d605d) (ScriptedImporter) -> (artifact id: '1d65b9fd34fee78162d1bffaf1a39f64') in 0.0157104 seconds
Number of updated asset objects reloaded before import = 0Number of asset objects unloaded after import = 1

========================================================================
Received Import Request.
  Time since last request: 5.701829 seconds.
  path: Assets/Prefabs/Lovedek.png
  artifactKey: Guid(5c692d2238ca95c48af411a6417178d9) Importer(815301076,1909f56bfc062723c751e8b465ee728b)
Start importing Assets/Prefabs/Lovedek.png using Guid(5c692d2238ca95c48af411a6417178d9) Importer(815301076,1909f56bfc062723c751e8b465ee728b) (PreviewImporter) -> (artifact id: '38fc67a1b4e446e8df8d3393f2ec326e') in 0.0944583 seconds
Number of updated asset objects reloaded before import = 0Number of asset objects unloaded after import = 3

========================================================================
Received Import Request.
  Time since last request: 0.972248 seconds.
  path: Assets/Prefabs/Lovedek.png
  artifactKey: Guid(5c692d2238ca95c48af411a6417178d9) Importer(2089858483,b0f066a214c2f5e87bad3c948f4d605d)
Start importing Assets/Prefabs/Lovedek.png using Guid(5c692d2238ca95c48af411a6417178d9) Importer(2089858483,b0f066a214c2f5e87bad3c948f4d605d) (ScriptedImporter) -> (artifact id: '691b3d6c6b62cf16b51271d7451b8109') in 0.0466661 seconds
Number of updated asset objects reloaded before import = 0Number of asset objects unloaded after import = 3

========================================================================
Received Prepare
Refreshing native plugins compatible for Editor in 1.05 ms, found 4 plugins.
Preloading 0 native plugins for Editor in 0.00 ms.
Unloading 0 Unused Serialized files (Serialized files now loaded: 0)
Unloading 5004 unused Assets / (1.1 MB). Loaded Objects now: 5675.
Memory consumption went from 105.2 MB to 104.1 MB.
Total: 8.496400 ms (FindLiveObjects: 0.611400 ms CreateObjectMapping: 0.227100 ms MarkObjects: 6.601000 ms  DeleteObjects: 1.055600 ms)

Prepare: number of updated asset objects reloaded= 0
========================================================================
Received Import Request.
  Time since last request: 166.112435 seconds.
  path: Assets/Scripts/LovedekMozgas.cs
  artifactKey: Guid(039ae76f5cdf98848994d3fa54252eaa) Importer(815301076,1909f56bfc062723c751e8b465ee728b)
Start importing Assets/Scripts/LovedekMozgas.cs using Guid(039ae76f5cdf98848994d3fa54252eaa) Importer(815301076,1909f56bfc062723c751e8b465ee728b) (PreviewImporter) -> (artifact id: '7d7ba2ca2b506896c00269062bd2bb7d') in 0.0011809 seconds
Number of updated asset objects reloaded before import = 0Number of asset objects unloaded after import = 0

========================================================================
Received Import Request.
  Time since last request: 0.787232 seconds.
  path: Assets/Scripts/LovedekMozgas.cs
  artifactKey: Guid(039ae76f5cdf98848994d3fa54252eaa) Importer(2089858483,b0f066a214c2f5e87bad3c948f4d605d)
Start importing Assets/Scripts/LovedekMozgas.cs using Guid(039ae76f5cdf98848994d3fa54252eaa) Importer(2089858483,b0f066a214c2f5e87bad3c948f4d605d) (ScriptedImporter) -> (artifact id: 'b6d669b5d17ee53628efd221370a31bd') in 0.0135577 seconds
Number of updated asset objects reloaded before import = 0Number of asset objects unloaded after import = 0

========================================================================
Received Prepare
Begin MonoManager ReloadAssembly
[Licensing::Client] Successfully resolved entitlement details
- Loaded All Assemblies, in  0.618 seconds
Refreshing native plugins compatible for Editor in 0.74 ms, found 4 plugins.
Native extension for WindowsStandalone target not found
Native extension for WebGL target not found
[Package Manager] Failed to launch server process. Reason: Unity was launched with the -noUpm command-line argument
[Package Manager] Unable to send message (not connected to server process).
[Package Manager] Cannot connect to Unity Package Manager local server
Mono: successfully reloaded assembly
- Finished resetting the current domain, in  0.681 seconds
Domain Reload Profiling: 1300ms
	BeginReloadAssembly (204ms)
		ExecutionOrderSort (0ms)
		DisableScriptedObjects (13ms)
		BackupInstance (0ms)
		ReleaseScriptingObjects (0ms)
		CreateAndSetChildDomain (55ms)
	RebuildCommonClasses (33ms)
	RebuildNativeTypeToScriptingClass (11ms)
	initialDomainReloadingComplete (30ms)
	LoadAllAssembliesAndSetupDomain (341ms)
		LoadAssemblies (307ms)
		RebuildTransferFunctionScriptingTraits (0ms)
		AnalyzeDomain (127ms)
			TypeCache.Refresh (7ms)
				TypeCache.ScanAssembly (1ms)
			BuildScriptInfoCaches (111ms)
			ResolveRequiredComponents (6ms)
	FinalizeReload (681ms)
		ReleaseScriptCaches (0ms)
		RebuildScriptCaches (0ms)
		SetupLoadedEditorAssemblies (572ms)
			LogAssemblyErrors (0ms)
			InitializePlatformSupportModulesInManaged (2ms)
			SetLoadedEditorAssemblies (3ms)
			BeforeProcessingInitializeOnLoad (121ms)
			ProcessInitializeOnLoadAttributes (392ms)
			ProcessInitializeOnLoadMethodAttributes (48ms)
			AfterProcessingInitializeOnLoad (6ms)
			EditorAssembliesLoaded (0ms)
		ExecutionOrderSort2 (0ms)
		AwakeInstancesAfterBackupRestoration (6ms)
Refreshing native plugins compatible for Editor in 0.96 ms, found 4 plugins.
Preloading 0 native plugins for Editor in 0.00 ms.
Unloading 0 Unused Serialized files (Serialized files now loaded: 0)
Unloading 5014 unused Assets / (1.4 MB). Loaded Objects now: 5677.
Memory consumption went from 104.9 MB to 103.5 MB.
Total: 9.481600 ms (FindLiveObjects: 0.523000 ms CreateObjectMapping: 0.446600 ms MarkObjects: 7.047200 ms  DeleteObjects: 1.463600 ms)

Prepare: number of updated asset objects reloaded= 0
========================================================================
Received Import Request.
  Time since last request: 16.457927 seconds.
  path: Assets/Scripts/LovedekMozgas.cs
  artifactKey: Guid(039ae76f5cdf98848994d3fa54252eaa) Importer(815301076,1909f56bfc062723c751e8b465ee728b)
Start importing Assets/Scripts/LovedekMozgas.cs using Guid(039ae76f5cdf98848994d3fa54252eaa) Importer(815301076,1909f56bfc062723c751e8b465ee728b) (PreviewImporter) -> (artifact id: '1dc3de0e2b83f7b0baeb6a5ec035f4c0') in 0.0028137 seconds
Number of updated asset objects reloaded before import = 0Number of asset objects unloaded after import = 0

========================================================================
Received Import Request.
  Time since last request: 35.537683 seconds.
  path: Assets/Prefabs/Lovedek.prefab
  artifactKey: Guid(a3b8ba83026623644a794746a7b4a850) Importer(815301076,1909f56bfc062723c751e8b465ee728b)
Start importing Assets/Prefabs/Lovedek.prefab using Guid(a3b8ba83026623644a794746a7b4a850) Importer(815301076,1909f56bfc062723c751e8b465ee728b) (PreviewImporter) -> (artifact id: '09fc4ff12e8c693f38fa3f144ae40b0a') in 0.0760566 seconds
Number of updated asset objects reloaded before import = 0Number of asset objects unloaded after import = 8

========================================================================
Received Import Request.
  Time since last request: 4.841797 seconds.
  path: Assets/Prefabs/TorpBanyasz.prefab
  artifactKey: Guid(3f902f8f782dbf144baff59c492f10f4) Importer(815301076,1909f56bfc062723c751e8b465ee728b)
Start importing Assets/Prefabs/TorpBanyasz.prefab using Guid(3f902f8f782dbf144baff59c492f10f4) Importer(815301076,1909f56bfc062723c751e8b465ee728b) (PreviewImporter) -> (artifact id: 'c4c45f2da553caaae8ffdcb88445b0e0') in 0.0133088 seconds
Number of updated asset objects reloaded before import = 0Number of asset objects unloaded after import = 8

========================================================================
Received Prepare
Begin MonoManager ReloadAssembly
[Licensing::Client] Successfully resolved entitlement details
- Loaded All Assemblies, in  0.552 seconds
Refreshing native plugins compatible for Editor in 0.71 ms, found 4 plugins.
Native extension for WindowsStandalone target not found
Native extension for WebGL target not found
[Package Manager] Failed to launch server process. Reason: Unity was launched with the -noUpm command-line argument
[Package Manager] Unable to send message (not connected to server process).
[Package Manager] Cannot connect to Unity Package Manager local server
Mono: successfully reloaded assembly
- Finished resetting the current domain, in  0.687 seconds
Domain Reload Profiling: 1239ms
	BeginReloadAssembly (174ms)
		ExecutionOrderSort (0ms)
		DisableScriptedObjects (12ms)
		BackupInstance (0ms)
		ReleaseScriptingObjects (0ms)
		CreateAndSetChildDomain (46ms)
	RebuildCommonClasses (31ms)
	RebuildNativeTypeToScriptingClass (17ms)
	initialDomainReloadingComplete (23ms)
	LoadAllAssembliesAndSetupDomain (307ms)
		LoadAssemblies (254ms)
		RebuildTransferFunctionScriptingTraits (0ms)
		AnalyzeDomain (127ms)
			TypeCache.Refresh (6ms)
				TypeCache.ScanAssembly (0ms)
			BuildScriptInfoCaches (113ms)
			ResolveRequiredComponents (5ms)
	FinalizeReload (687ms)
		ReleaseScriptCaches (0ms)
		RebuildScriptCaches (0ms)
		SetupLoadedEditorAssemblies (584ms)
			LogAssemblyErrors (0ms)
			InitializePlatformSupportModulesInManaged (2ms)
			SetLoadedEditorAssemblies (3ms)
			BeforeProcessingInitializeOnLoad (119ms)
			ProcessInitializeOnLoadAttributes (404ms)
			ProcessInitializeOnLoadMethodAttributes (50ms)
			AfterProcessingInitializeOnLoad (6ms)
			EditorAssembliesLoaded (0ms)
		ExecutionOrderSort2 (0ms)
		AwakeInstancesAfterBackupRestoration (6ms)
Refreshing native plugins compatible for Editor in 0.88 ms, found 4 plugins.
Preloading 0 native plugins for Editor in 0.00 ms.
Unloading 0 Unused Serialized files (Serialized files now loaded: 0)
Unloading 5014 unused Assets / (1.3 MB). Loaded Objects now: 5684.
Memory consumption went from 104.9 MB to 103.6 MB.
Total: 9.396600 ms (FindLiveObjects: 0.576500 ms CreateObjectMapping: 0.414100 ms MarkObjects: 7.041600 ms  DeleteObjects: 1.362700 ms)

Prepare: number of updated asset objects reloaded= 0
========================================================================
Received Prepare
Begin MonoManager ReloadAssembly
- Loaded All Assemblies, in  0.531 seconds
Refreshing native plugins compatible for Editor in 0.78 ms, found 4 plugins.
Native extension for WindowsStandalone target not found
Native extension for WebGL target not found
[Package Manager] Failed to launch server process. Reason: Unity was launched with the -noUpm command-line argument
[Package Manager] Unable to send message (not connected to server process).
[Package Manager] Cannot connect to Unity Package Manager local server
Mono: successfully reloaded assembly
- Finished resetting the current domain, in  0.669 seconds
Domain Reload Profiling: 1200ms
	BeginReloadAssembly (179ms)
		ExecutionOrderSort (0ms)
		DisableScriptedObjects (12ms)
		BackupInstance (0ms)
		ReleaseScriptingObjects (0ms)
		CreateAndSetChildDomain (50ms)
	RebuildCommonClasses (29ms)
	RebuildNativeTypeToScriptingClass (12ms)
	initialDomainReloadingComplete (21ms)
	LoadAllAssembliesAndSetupDomain (291ms)
		LoadAssemblies (242ms)
		RebuildTransferFunctionScriptingTraits (0ms)
		AnalyzeDomain (124ms)
			TypeCache.Refresh (5ms)
				TypeCache.ScanAssembly (0ms)
			BuildScriptInfoCaches (112ms)
			ResolveRequiredComponents (4ms)
	FinalizeReload (669ms)
		ReleaseScriptCaches (0ms)
		RebuildScriptCaches (0ms)
		SetupLoadedEditorAssemblies (563ms)
			LogAssemblyErrors (0ms)
			InitializePlatformSupportModulesInManaged (2ms)
			SetLoadedEditorAssemblies (3ms)
			BeforeProcessingInitializeOnLoad (121ms)
			ProcessInitializeOnLoadAttributes (385ms)
			ProcessInitializeOnLoadMethodAttributes (46ms)
			AfterProcessingInitializeOnLoad (5ms)
			EditorAssembliesLoaded (0ms)
		ExecutionOrderSort2 (0ms)
		AwakeInstancesAfterBackupRestoration (5ms)
Refreshing native plugins compatible for Editor in 0.84 ms, found 4 plugins.
Preloading 0 native plugins for Editor in 0.00 ms.
Unloading 0 Unused Serialized files (Serialized files now loaded: 0)
Unloading 5014 unused Assets / (1.4 MB). Loaded Objects now: 5687.
Memory consumption went from 104.9 MB to 103.5 MB.
Total: 7.844100 ms (FindLiveObjects: 0.525300 ms CreateObjectMapping: 0.408200 ms MarkObjects: 5.556100 ms  DeleteObjects: 1.353200 ms)

Prepare: number of updated asset objects reloaded= 0
========================================================================
Received Import Request.
  Time since last request: 221.334164 seconds.
  path: Assets/Scripts/LovedekMozgas.cs
  artifactKey: Guid(039ae76f5cdf98848994d3fa54252eaa) Importer(2089858483,b0f066a214c2f5e87bad3c948f4d605d)
Start importing Assets/Scripts/LovedekMozgas.cs using Guid(039ae76f5cdf98848994d3fa54252eaa) Importer(2089858483,b0f066a214c2f5e87bad3c948f4d605d) (ScriptedImporter) -> (artifact id: '68077720ff18e66f86b1a549633298e5') in 0.0640682 seconds
Number of updated asset objects reloaded before import = 0Number of asset objects unloaded after import = 0

========================================================================
Received Import Request.
  Time since last request: 0.000019 seconds.
  path: Assets/Prefabs/TorpBanyasz.prefab
  artifactKey: Guid(3f902f8f782dbf144baff59c492f10f4) Importer(2089858483,b0f066a214c2f5e87bad3c948f4d605d)
Start importing Assets/Prefabs/TorpBanyasz.prefab using Guid(3f902f8f782dbf144baff59c492f10f4) Importer(2089858483,b0f066a214c2f5e87bad3c948f4d605d) (ScriptedImporter) -> (artifact id: 'a0a1ad021a31989309c354ae63530bec') in 0.0556599 seconds
Number of updated asset objects reloaded before import = 0Number of asset objects unloaded after import = 8

========================================================================
Received Prepare
Refreshing native plugins compatible for Editor in 0.83 ms, found 4 plugins.
Preloading 0 native plugins for Editor in 0.00 ms.
Unloading 0 Unused Serialized files (Serialized files now loaded: 0)
Unloading 5005 unused Assets / (1.2 MB). Loaded Objects now: 5688.
Memory consumption went from 105.2 MB to 104.0 MB.
Total: 7.797600 ms (FindLiveObjects: 0.526000 ms CreateObjectMapping: 0.485100 ms MarkObjects: 5.591500 ms  DeleteObjects: 1.193800 ms)

Prepare: number of updated asset objects reloaded= 0
========================================================================
Received Import Request.
  Time since last request: 5.420055 seconds.
  path: Assets/Scripts/TamadoEgyseg.cs
  artifactKey: Guid(f59f6ef51cefad243a9d620ed49ca28c) Importer(815301076,1909f56bfc062723c751e8b465ee728b)
Start importing Assets/Scripts/TamadoEgyseg.cs using Guid(f59f6ef51cefad243a9d620ed49ca28c) Importer(815301076,1909f56bfc062723c751e8b465ee728b) (PreviewImporter) -> (artifact id: 'bd152896930cdaae9470d19ea0fcfbd7') in 0.001156 seconds
Number of updated asset objects reloaded before import = 0Number of asset objects unloaded after import = 0

========================================================================
Received Import Request.
  Time since last request: 1.457817 seconds.
  path: Assets/Scripts/TamadoEgyseg.cs
  artifactKey: Guid(f59f6ef51cefad243a9d620ed49ca28c) Importer(2089858483,b0f066a214c2f5e87bad3c948f4d605d)
Start importing Assets/Scripts/TamadoEgyseg.cs using Guid(f59f6ef51cefad243a9d620ed49ca28c) Importer(2089858483,b0f066a214c2f5e87bad3c948f4d605d) (ScriptedImporter) -> (artifact id: 'cb3a04eeab055c85d6e7fe7855273db3') in 0.0132439 seconds
Number of updated asset objects reloaded before import = 0Number of asset objects unloaded after import = 0

========================================================================
Received Prepare
Begin MonoManager ReloadAssembly
[Licensing::Client] Successfully resolved entitlement details
- Loaded All Assemblies, in  0.606 seconds
Refreshing native plugins compatible for Editor in 0.97 ms, found 4 plugins.
Native extension for WindowsStandalone target not found
Native extension for WebGL target not found
[Package Manager] Failed to launch server process. Reason: Unity was launched with the -noUpm command-line argument
[Package Manager] Unable to send message (not connected to server process).
[Package Manager] Cannot connect to Unity Package Manager local server
Mono: successfully reloaded assembly
- Finished resetting the current domain, in  1.107 seconds
Domain Reload Profiling: 1716ms
	BeginReloadAssembly (195ms)
		ExecutionOrderSort (0ms)
		DisableScriptedObjects (14ms)
		BackupInstance (0ms)
		ReleaseScriptingObjects (0ms)
		CreateAndSetChildDomain (59ms)
	RebuildCommonClasses (35ms)
	RebuildNativeTypeToScriptingClass (11ms)
	initialDomainReloadingComplete (23ms)
	LoadAllAssembliesAndSetupDomain (344ms)
		LoadAssemblies (246ms)
		RebuildTransferFunctionScriptingTraits (0ms)
		AnalyzeDomain (171ms)
			TypeCache.Refresh (7ms)
				TypeCache.ScanAssembly (1ms)
			BuildScriptInfoCaches (154ms)
			ResolveRequiredComponents (6ms)
	FinalizeReload (1108ms)
		ReleaseScriptCaches (0ms)
		RebuildScriptCaches (0ms)
		SetupLoadedEditorAssemblies (894ms)
			LogAssemblyErrors (0ms)
			InitializePlatformSupportModulesInManaged (3ms)
			SetLoadedEditorAssemblies (5ms)
			BeforeProcessingInitializeOnLoad (188ms)
			ProcessInitializeOnLoadAttributes (613ms)
			ProcessInitializeOnLoadMethodAttributes (77ms)
			AfterProcessingInitializeOnLoad (8ms)
			EditorAssembliesLoaded (0ms)
		ExecutionOrderSort2 (0ms)
		AwakeInstancesAfterBackupRestoration (7ms)
Refreshing native plugins compatible for Editor in 1.60 ms, found 4 plugins.
Preloading 0 native plugins for Editor in 0.00 ms.
Unloading 0 Unused Serialized files (Serialized files now loaded: 0)
Unloading 5015 unused Assets / (1.4 MB). Loaded Objects now: 5691.
Memory consumption went from 104.9 MB to 103.5 MB.
Total: 11.860100 ms (FindLiveObjects: 0.805600 ms CreateObjectMapping: 0.421200 ms MarkObjects: 8.900500 ms  DeleteObjects: 1.731100 ms)

Prepare: number of updated asset objects reloaded= 0
========================================================================
Received Import Request.
  Time since last request: 6.605186 seconds.
  path: Assets/Scripts/TamadoEgyseg.cs
  artifactKey: Guid(f59f6ef51cefad243a9d620ed49ca28c) Importer(815301076,1909f56bfc062723c751e8b465ee728b)
Start importing Assets/Scripts/TamadoEgyseg.cs using Guid(f59f6ef51cefad243a9d620ed49ca28c) Importer(815301076,1909f56bfc062723c751e8b465ee728b) (PreviewImporter) -> (artifact id: '00000000000000000000000000000000') in 0.0029104 seconds
Import Error Code:(4)
Message: Build asset version error: assets/scripts/tamadoegyseg.cs in SourceAssetDB has modification time of '2025-12-05T21:35:52.8103274Z' while content on disk has modification time of '2025-12-05T21:35:56.974915Z'
  ERROR: Build asset version error: assets/scripts/tamadoegyseg.cs in SourceAssetDB has modification time of '2025-12-05T21:35:52.8103274Z' while content on disk has modification time of '2025-12-05T21:35:56.974915Z'
Number of updated asset objects reloaded before import = 0Number of asset objects unloaded after import = 0

========================================================================
Received Import Request.
  Time since last request: 0.006957 seconds.
  path: Assets/Scripts/TamadoEgyseg.cs
  artifactKey: Guid(f59f6ef51cefad243a9d620ed49ca28c) Importer(815301076,1909f56bfc062723c751e8b465ee728b)
Start importing Assets/Scripts/TamadoEgyseg.cs using Guid(f59f6ef51cefad243a9d620ed49ca28c) Importer(815301076,1909f56bfc062723c751e8b465ee728b) (PreviewImporter) -> (artifact id: '00000000000000000000000000000000') in 0.0005448 seconds
Import Error Code:(4)
Message: Build asset version error: assets/scripts/tamadoegyseg.cs in SourceAssetDB has modification time of '2025-12-05T21:35:52.8103274Z' while content on disk has modification time of '2025-12-05T21:35:56.974915Z'
  ERROR: Build asset version error: assets/scripts/tamadoegyseg.cs in SourceAssetDB has modification time of '2025-12-05T21:35:52.8103274Z' while content on disk has modification time of '2025-12-05T21:35:56.974915Z'
Number of updated asset objects reloaded before import = 0Number of asset objects unloaded after import = 0

========================================================================
Received Import Request.
  Time since last request: 0.010226 seconds.
  path: Assets/Scripts/TamadoEgyseg.cs
  artifactKey: Guid(f59f6ef51cefad243a9d620ed49ca28c) Importer(815301076,1909f56bfc062723c751e8b465ee728b)
Start importing Assets/Scripts/TamadoEgyseg.cs using Guid(f59f6ef51cefad243a9d620ed49ca28c) Importer(815301076,1909f56bfc062723c751e8b465ee728b) (PreviewImporter) -> (artifact id: '00000000000000000000000000000000') in 0.0005281 seconds
Import Error Code:(4)
Message: Build asset version error: assets/scripts/tamadoegyseg.cs in SourceAssetDB has modification time of '2025-12-05T21:35:52.8103274Z' while content on disk has modification time of '2025-12-05T21:35:56.974915Z'
  ERROR: Build asset version error: assets/scripts/tamadoegyseg.cs in SourceAssetDB has modification time of '2025-12-05T21:35:52.8103274Z' while content on disk has modification time of '2025-12-05T21:35:56.974915Z'
Number of updated asset objects reloaded before import = 0Number of asset objects unloaded after import = 0

========================================================================
Received Import Request.
  Time since last request: 0.010919 seconds.
  path: Assets/Scripts/TamadoEgyseg.cs
  artifactKey: Guid(f59f6ef51cefad243a9d620ed49ca28c) Importer(815301076,1909f56bfc062723c751e8b465ee728b)
Start importing Assets/Scripts/TamadoEgyseg.cs using Guid(f59f6ef51cefad243a9d620ed49ca28c) Importer(815301076,1909f56bfc062723c751e8b465ee728b) (PreviewImporter) -> (artifact id: '00000000000000000000000000000000') in 0.0005846 seconds
Import Error Code:(4)
Message: Build asset version error: assets/scripts/tamadoegyseg.cs in SourceAssetDB has modification time of '2025-12-05T21:35:52.8103274Z' while content on disk has modification time of '2025-12-05T21:35:56.974915Z'
  ERROR: Build asset version error: assets/scripts/tamadoegyseg.cs in SourceAssetDB has modification time of '2025-12-05T21:35:52.8103274Z' while content on disk has modification time of '2025-12-05T21:35:56.974915Z'
Number of updated asset objects reloaded before import = 0Number of asset objects unloaded after import = 0

========================================================================
Received Import Request.
  Time since last request: 0.010315 seconds.
  path: Assets/Scripts/TamadoEgyseg.cs
  artifactKey: Guid(f59f6ef51cefad243a9d620ed49ca28c) Importer(815301076,1909f56bfc062723c751e8b465ee728b)
Start importing Assets/Scripts/TamadoEgyseg.cs using Guid(f59f6ef51cefad243a9d620ed49ca28c) Importer(815301076,1909f56bfc062723c751e8b465ee728b) (PreviewImporter) -> (artifact id: '00000000000000000000000000000000') in 0.0005787 seconds
Import Error Code:(4)
Message: Build asset version error: assets/scripts/tamadoegyseg.cs in SourceAssetDB has modification time of '2025-12-05T21:35:52.8103274Z' while content on disk has modification time of '2025-12-05T21:35:56.974915Z'
  ERROR: Build asset version error: assets/scripts/tamadoegyseg.cs in SourceAssetDB has modification time of '2025-12-05T21:35:52.8103274Z' while content on disk has modification time of '2025-12-05T21:35:56.974915Z'
Number of updated asset objects reloaded before import = 0Number of asset objects unloaded after import = 0

========================================================================
Received Import Request.
  Time since last request: 0.009816 seconds.
  path: Assets/Scripts/TamadoEgyseg.cs
  artifactKey: Guid(f59f6ef51cefad243a9d620ed49ca28c) Importer(815301076,1909f56bfc062723c751e8b465ee728b)
Start importing Assets/Scripts/TamadoEgyseg.cs using Guid(f59f6ef51cefad243a9d620ed49ca28c) Importer(815301076,1909f56bfc062723c751e8b465ee728b) (PreviewImporter) -> (artifact id: '00000000000000000000000000000000') in 0.0005367 seconds
Import Error Code:(4)
Message: Build asset version error: assets/scripts/tamadoegyseg.cs in SourceAssetDB has modification time of '2025-12-05T21:35:52.8103274Z' while content on disk has modification time of '2025-12-05T21:35:56.974915Z'
  ERROR: Build asset version error: assets/scripts/tamadoegyseg.cs in SourceAssetDB has modification time of '2025-12-05T21:35:52.8103274Z' while content on disk has modification time of '2025-12-05T21:35:56.974915Z'
Number of updated asset objects reloaded before import = 0Number of asset objects unloaded after import = 0

========================================================================
Received Import Request.
  Time since last request: 0.009928 seconds.
  path: Assets/Scripts/TamadoEgyseg.cs
  artifactKey: Guid(f59f6ef51cefad243a9d620ed49ca28c) Importer(815301076,1909f56bfc062723c751e8b465ee728b)
Start importing Assets/Scripts/TamadoEgyseg.cs using Guid(f59f6ef51cefad243a9d620ed49ca28c) Importer(815301076,1909f56bfc062723c751e8b465ee728b) (PreviewImporter) -> (artifact id: '00000000000000000000000000000000') in 0.0005519 seconds
Import Error Code:(4)
Message: Build asset version error: assets/scripts/tamadoegyseg.cs in SourceAssetDB has modification time of '2025-12-05T21:35:52.8103274Z' while content on disk has modification time of '2025-12-05T21:35:56.974915Z'
  ERROR: Build asset version error: assets/scripts/tamadoegyseg.cs in SourceAssetDB has modification time of '2025-12-05T21:35:52.8103274Z' while content on disk has modification time of '2025-12-05T21:35:56.974915Z'
Number of updated asset objects reloaded before import = 0Number of asset objects unloaded after import = 0

========================================================================
Received Import Request.
  Time since last request: 0.009611 seconds.
  path: Assets/Scripts/TamadoEgyseg.cs
  artifactKey: Guid(f59f6ef51cefad243a9d620ed49ca28c) Importer(815301076,1909f56bfc062723c751e8b465ee728b)
Start importing Assets/Scripts/TamadoEgyseg.cs using Guid(f59f6ef51cefad243a9d620ed49ca28c) Importer(815301076,1909f56bfc062723c751e8b465ee728b) (PreviewImporter) -> (artifact id: '00000000000000000000000000000000') in 0.0005571 seconds
Import Error Code:(4)
Message: Build asset version error: assets/scripts/tamadoegyseg.cs in SourceAssetDB has modification time of '2025-12-05T21:35:52.8103274Z' while content on disk has modification time of '2025-12-05T21:35:56.974915Z'
  ERROR: Build asset version error: assets/scripts/tamadoegyseg.cs in SourceAssetDB has modification time of '2025-12-05T21:35:52.8103274Z' while content on disk has modification time of '2025-12-05T21:35:56.974915Z'
Number of updated asset objects reloaded before import = 0Number of asset objects unloaded after import = 0

========================================================================
Received Import Request.
  Time since last request: 0.009910 seconds.
  path: Assets/Scripts/TamadoEgyseg.cs
  artifactKey: Guid(f59f6ef51cefad243a9d620ed49ca28c) Importer(815301076,1909f56bfc062723c751e8b465ee728b)
Start importing Assets/Scripts/TamadoEgyseg.cs using Guid(f59f6ef51cefad243a9d620ed49ca28c) Importer(815301076,1909f56bfc062723c751e8b465ee728b) (PreviewImporter) -> (artifact id: '00000000000000000000000000000000') in 0.0004973 seconds
Import Error Code:(4)
Message: Build asset version error: assets/scripts/tamadoegyseg.cs in SourceAssetDB has modification time of '2025-12-05T21:35:52.8103274Z' while content on disk has modification time of '2025-12-05T21:35:56.974915Z'
  ERROR: Build asset version error: assets/scripts/tamadoegyseg.cs in SourceAssetDB has modification time of '2025-12-05T21:35:52.8103274Z' while content on disk has modification time of '2025-12-05T21:35:56.974915Z'
Number of updated asset objects reloaded before import = 0Number of asset objects unloaded after import = 0

========================================================================
Received Import Request.
  Time since last request: 0.009887 seconds.
  path: Assets/Scripts/TamadoEgyseg.cs
  artifactKey: Guid(f59f6ef51cefad243a9d620ed49ca28c) Importer(815301076,1909f56bfc062723c751e8b465ee728b)
Start importing Assets/Scripts/TamadoEgyseg.cs using Guid(f59f6ef51cefad243a9d620ed49ca28c) Importer(815301076,1909f56bfc062723c751e8b465ee728b) (PreviewImporter) -> (artifact id: '00000000000000000000000000000000') in 0.0005848 seconds
Import Error Code:(4)
Message: Build asset version error: assets/scripts/tamadoegyseg.cs in SourceAssetDB has modification time of '2025-12-05T21:35:52.8103274Z' while content on disk has modification time of '2025-12-05T21:35:56.974915Z'
  ERROR: Build asset version error: assets/scripts/tamadoegyseg.cs in SourceAssetDB has modification time of '2025-12-05T21:35:52.8103274Z' while content on disk has modification time of '2025-12-05T21:35:56.974915Z'
Number of updated asset objects reloaded before import = 0Number of asset objects unloaded after import = 0

========================================================================
Received Import Request.
  Time since last request: 0.010242 seconds.
  path: Assets/Scripts/TamadoEgyseg.cs
  artifactKey: Guid(f59f6ef51cefad243a9d620ed49ca28c) Importer(815301076,1909f56bfc062723c751e8b465ee728b)
Start importing Assets/Scripts/TamadoEgyseg.cs using Guid(f59f6ef51cefad243a9d620ed49ca28c) Importer(815301076,1909f56bfc062723c751e8b465ee728b) (PreviewImporter) -> (artifact id: '00000000000000000000000000000000') in 0.0005317 seconds
Import Error Code:(4)
Message: Build asset version error: assets/scripts/tamadoegyseg.cs in SourceAssetDB has modification time of '2025-12-05T21:35:52.8103274Z' while content on disk has modification time of '2025-12-05T21:35:56.974915Z'
  ERROR: Build asset version error: assets/scripts/tamadoegyseg.cs in SourceAssetDB has modification time of '2025-12-05T21:35:52.8103274Z' while content on disk has modification time of '2025-12-05T21:35:56.974915Z'
Number of updated asset objects reloaded before import = 0Number of asset objects unloaded after import = 0

========================================================================
Received Import Request.
  Time since last request: 0.010182 seconds.
  path: Assets/Scripts/TamadoEgyseg.cs
  artifactKey: Guid(f59f6ef51cefad243a9d620ed49ca28c) Importer(815301076,1909f56bfc062723c751e8b465ee728b)
Start importing Assets/Scripts/TamadoEgyseg.cs using Guid(f59f6ef51cefad243a9d620ed49ca28c) Importer(815301076,1909f56bfc062723c751e8b465ee728b) (PreviewImporter) -> (artifact id: '00000000000000000000000000000000') in 0.0006003 seconds
Import Error Code:(4)
Message: Build asset version error: assets/scripts/tamadoegyseg.cs in SourceAssetDB has modification time of '2025-12-05T21:35:52.8103274Z' while content on disk has modification time of '2025-12-05T21:35:56.974915Z'
  ERROR: Build asset version error: assets/scripts/tamadoegyseg.cs in SourceAssetDB has modification time of '2025-12-05T21:35:52.8103274Z' while content on disk has modification time of '2025-12-05T21:35:56.974915Z'
Number of updated asset objects reloaded before import = 0Number of asset objects unloaded after import = 0

========================================================================
Received Import Request.
  Time since last request: 0.010573 seconds.
  path: Assets/Scripts/TamadoEgyseg.cs
  artifactKey: Guid(f59f6ef51cefad243a9d620ed49ca28c) Importer(815301076,1909f56bfc062723c751e8b465ee728b)
Start importing Assets/Scripts/TamadoEgyseg.cs using Guid(f59f6ef51cefad243a9d620ed49ca28c) Importer(815301076,1909f56bfc062723c751e8b465ee728b) (PreviewImporter) -> (artifact id: '00000000000000000000000000000000') in 0.0005575 seconds
Import Error Code:(4)
Message: Build asset version error: assets/scripts/tamadoegyseg.cs in SourceAssetDB has modification time of '2025-12-05T21:35:52.8103274Z' while content on disk has modification time of '2025-12-05T21:35:56.974915Z'
  ERROR: Build asset version error: assets/scripts/tamadoegyseg.cs in SourceAssetDB has modification time of '2025-12-05T21:35:52.8103274Z' while content on disk has modification time of '2025-12-05T21:35:56.974915Z'
Number of updated asset objects reloaded before import = 0Number of asset objects unloaded after import = 0

========================================================================
Received Import Request.
  Time since last request: 0.010702 seconds.
  path: Assets/Scripts/TamadoEgyseg.cs
  artifactKey: Guid(f59f6ef51cefad243a9d620ed49ca28c) Importer(815301076,1909f56bfc062723c751e8b465ee728b)
Start importing Assets/Scripts/TamadoEgyseg.cs using Guid(f59f6ef51cefad243a9d620ed49ca28c) Importer(815301076,1909f56bfc062723c751e8b465ee728b) (PreviewImporter) -> (artifact id: '00000000000000000000000000000000') in 0.0004883 seconds
Import Error Code:(4)
Message: Build asset version error: assets/scripts/tamadoegyseg.cs in SourceAssetDB has modification time of '2025-12-05T21:35:52.8103274Z' while content on disk has modification time of '2025-12-05T21:35:56.974915Z'
  ERROR: Build asset version error: assets/scripts/tamadoegyseg.cs in SourceAssetDB has modification time of '2025-12-05T21:35:52.8103274Z' while content on disk has modification time of '2025-12-05T21:35:56.974915Z'
Number of updated asset objects reloaded before import = 0Number of asset objects unloaded after import = 0

========================================================================
Received Import Request.
  Time since last request: 0.010092 seconds.
  path: Assets/Scripts/TamadoEgyseg.cs
  artifactKey: Guid(f59f6ef51cefad243a9d620ed49ca28c) Importer(815301076,1909f56bfc062723c751e8b465ee728b)
Start importing Assets/Scripts/TamadoEgyseg.cs using Guid(f59f6ef51cefad243a9d620ed49ca28c) Importer(815301076,1909f56bfc062723c751e8b465ee728b) (PreviewImporter) -> (artifact id: '00000000000000000000000000000000') in 0.0005712 seconds
Import Error Code:(4)
Message: Build asset version error: assets/scripts/tamadoegyseg.cs in SourceAssetDB has modification time of '2025-12-05T21:35:52.8103274Z' while content on disk has modification time of '2025-12-05T21:35:56.974915Z'
  ERROR: Build asset version error: assets/scripts/tamadoegyseg.cs in SourceAssetDB has modification time of '2025-12-05T21:35:52.8103274Z' while content on disk has modification time of '2025-12-05T21:35:56.974915Z'
Number of updated asset objects reloaded before import = 0Number of asset objects unloaded after import = 0

========================================================================
Received Import Request.
  Time since last request: 0.010558 seconds.
  path: Assets/Scripts/TamadoEgyseg.cs
  artifactKey: Guid(f59f6ef51cefad243a9d620ed49ca28c) Importer(815301076,1909f56bfc062723c751e8b465ee728b)
Start importing Assets/Scripts/TamadoEgyseg.cs using Guid(f59f6ef51cefad243a9d620ed49ca28c) Importer(815301076,1909f56bfc062723c751e8b465ee728b) (PreviewImporter) -> (artifact id: '00000000000000000000000000000000') in 0.0005515 seconds
Import Error Code:(4)
Message: Build asset version error: assets/scripts/tamadoegyseg.cs in SourceAssetDB has modification time of '2025-12-05T21:35:52.8103274Z' while content on disk has modification time of '2025-12-05T21:35:56.974915Z'
  ERROR: Build asset version error: assets/scripts/tamadoegyseg.cs in SourceAssetDB has modification time of '2025-12-05T21:35:52.8103274Z' while content on disk has modification time of '2025-12-05T21:35:56.974915Z'
Number of updated asset objects reloaded before import = 0Number of asset objects unloaded after import = 0

========================================================================
Received Import Request.
  Time since last request: 0.010051 seconds.
  path: Assets/Scripts/TamadoEgyseg.cs
  artifactKey: Guid(f59f6ef51cefad243a9d620ed49ca28c) Importer(815301076,1909f56bfc062723c751e8b465ee728b)
Start importing Assets/Scripts/TamadoEgyseg.cs using Guid(f59f6ef51cefad243a9d620ed49ca28c) Importer(815301076,1909f56bfc062723c751e8b465ee728b) (PreviewImporter) -> (artifact id: '00000000000000000000000000000000') in 0.0006432 seconds
Import Error Code:(4)
Message: Build asset version error: assets/scripts/tamadoegyseg.cs in SourceAssetDB has modification time of '2025-12-05T21:35:52.8103274Z' while content on disk has modification time of '2025-12-05T21:35:56.974915Z'
  ERROR: Build asset version error: assets/scripts/tamadoegyseg.cs in SourceAssetDB has modification time of '2025-12-05T21:35:52.8103274Z' while content on disk has modification time of '2025-12-05T21:35:56.974915Z'
Number of updated asset objects reloaded before import = 0Number of asset objects unloaded after import = 0

========================================================================
Received Import Request.
  Time since last request: 0.010331 seconds.
  path: Assets/Scripts/TamadoEgyseg.cs
  artifactKey: Guid(f59f6ef51cefad243a9d620ed49ca28c) Importer(815301076,1909f56bfc062723c751e8b465ee728b)
Start importing Assets/Scripts/TamadoEgyseg.cs using Guid(f59f6ef51cefad243a9d620ed49ca28c) Importer(815301076,1909f56bfc062723c751e8b465ee728b) (PreviewImporter) -> (artifact id: '00000000000000000000000000000000') in 0.0005496 seconds
Import Error Code:(4)
Message: Build asset version error: assets/scripts/tamadoegyseg.cs in SourceAssetDB has modification time of '2025-12-05T21:35:52.8103274Z' while content on disk has modification time of '2025-12-05T21:35:56.974915Z'
  ERROR: Build asset version error: assets/scripts/tamadoegyseg.cs in SourceAssetDB has modification time of '2025-12-05T21:35:52.8103274Z' while content on disk has modification time of '2025-12-05T21:35:56.974915Z'
Number of updated asset objects reloaded before import = 0Number of asset objects unloaded after import = 0

========================================================================
Received Import Request.
  Time since last request: 0.010162 seconds.
  path: Assets/Scripts/TamadoEgyseg.cs
  artifactKey: Guid(f59f6ef51cefad243a9d620ed49ca28c) Importer(815301076,1909f56bfc062723c751e8b465ee728b)
Start importing Assets/Scripts/TamadoEgyseg.cs using Guid(f59f6ef51cefad243a9d620ed49ca28c) Importer(815301076,1909f56bfc062723c751e8b465ee728b) (PreviewImporter) -> (artifact id: '00000000000000000000000000000000') in 0.0005554 seconds
Import Error Code:(4)
Message: Build asset version error: assets/scripts/tamadoegyseg.cs in SourceAssetDB has modification time of '2025-12-05T21:35:52.8103274Z' while content on disk has modification time of '2025-12-05T21:35:56.974915Z'
  ERROR: Build asset version error: assets/scripts/tamadoegyseg.cs in SourceAssetDB has modification time of '2025-12-05T21:35:52.8103274Z' while content on disk has modification time of '2025-12-05T21:35:56.974915Z'
Number of updated asset objects reloaded before import = 0Number of asset objects unloaded after import = 0

========================================================================
Received Prepare
Begin MonoManager ReloadAssembly
- Loaded All Assemblies, in  0.547 seconds
Refreshing native plugins compatible for Editor in 0.76 ms, found 4 plugins.
Native extension for WindowsStandalone target not found
Native extension for WebGL target not found
[Package Manager] Failed to launch server process. Reason: Unity was launched with the -noUpm command-line argument
[Package Manager] Unable to send message (not connected to server process).
[Package Manager] Cannot connect to Unity Package Manager local server
Mono: successfully reloaded assembly
- Finished resetting the current domain, in  0.692 seconds
Domain Reload Profiling: 1240ms
	BeginReloadAssembly (189ms)
		ExecutionOrderSort (0ms)
		DisableScriptedObjects (13ms)
		BackupInstance (0ms)
		ReleaseScriptingObjects (0ms)
		CreateAndSetChildDomain (49ms)
	RebuildCommonClasses (29ms)
	RebuildNativeTypeToScriptingClass (11ms)
	initialDomainReloadingComplete (22ms)
	LoadAllAssembliesAndSetupDomain (297ms)
		LoadAssemblies (257ms)
		RebuildTransferFunctionScriptingTraits (0ms)
		AnalyzeDomain (125ms)
			TypeCache.Refresh (8ms)
				TypeCache.ScanAssembly (1ms)
			BuildScriptInfoCaches (110ms)
			ResolveRequiredComponents (4ms)
	FinalizeReload (692ms)
		ReleaseScriptCaches (0ms)
		RebuildScriptCaches (0ms)
		SetupLoadedEditorAssemblies (581ms)
			LogAssemblyErrors (0ms)
			InitializePlatformSupportModulesInManaged (2ms)
			SetLoadedEditorAssemblies (3ms)
			BeforeProcessingInitializeOnLoad (122ms)
			ProcessInitializeOnLoadAttributes (400ms)
			ProcessInitializeOnLoadMethodAttributes (49ms)
			AfterProcessingInitializeOnLoad (5ms)
			EditorAssembliesLoaded (0ms)
		ExecutionOrderSort2 (0ms)
		AwakeInstancesAfterBackupRestoration (5ms)
Refreshing native plugins compatible for Editor in 1.26 ms, found 4 plugins.
Preloading 0 native plugins for Editor in 0.00 ms.
Unloading 0 Unused Serialized files (Serialized files now loaded: 0)
Unloading 5015 unused Assets / (1.3 MB). Loaded Objects now: 5694.
Memory consumption went from 105.0 MB to 103.6 MB.
Total: 8.124600 ms (FindLiveObjects: 0.517400 ms CreateObjectMapping: 0.456700 ms MarkObjects: 5.466100 ms  DeleteObjects: 1.683200 ms)

Prepare: number of updated asset objects reloaded= 0
========================================================================
Received Import Request.
  Time since last request: 5.782861 seconds.
  path: Assets/Scripts/TamadoEgyseg.cs
  artifactKey: Guid(f59f6ef51cefad243a9d620ed49ca28c) Importer(815301076,1909f56bfc062723c751e8b465ee728b)
Start importing Assets/Scripts/TamadoEgyseg.cs using Guid(f59f6ef51cefad243a9d620ed49ca28c) Importer(815301076,1909f56bfc062723c751e8b465ee728b) (PreviewImporter) -> (artifact id: 'cb9ff25c3c2a3c9224825cb77bab9131') in 0.0027894 seconds
Number of updated asset objects reloaded before import = 0Number of asset objects unloaded after import = 0

========================================================================
Received Import Request.
  Time since last request: 58.457037 seconds.
  path: Assets/Prefabs/ElfMagus.prefab
  artifactKey: Guid(98253fde598dfec4fa7f332e6e11a4d2) Importer(815301076,1909f56bfc062723c751e8b465ee728b)
Start importing Assets/Prefabs/ElfMagus.prefab using Guid(98253fde598dfec4fa7f332e6e11a4d2) Importer(815301076,1909f56bfc062723c751e8b465ee728b) (PreviewImporter) -> (artifact id: '80fdfdba101c68d94ceb7404b6b02269') in 0.0709152 seconds
Number of updated asset objects reloaded before import = 0Number of asset objects unloaded after import = 15

========================================================================
Received Import Request.
  Time since last request: 4.341279 seconds.
  path: Assets/Prefabs/ElfMagus.prefab
  artifactKey: Guid(98253fde598dfec4fa7f332e6e11a4d2) Importer(815301076,1909f56bfc062723c751e8b465ee728b)
Start importing Assets/Prefabs/ElfMagus.prefab using Guid(98253fde598dfec4fa7f332e6e11a4d2) Importer(815301076,1909f56bfc062723c751e8b465ee728b) (PreviewImporter) -> (artifact id: 'bb4a588183b15f0ac14d523ceb7345e1') in 0.007199 seconds
Number of updated asset objects reloaded before import = 0Number of asset objects unloaded after import = 13

========================================================================
Received Import Request.
  Time since last request: 0.484733 seconds.
  path: Assets/Scripts/TamadoEgyseg.cs
  artifactKey: Guid(f59f6ef51cefad243a9d620ed49ca28c) Importer(2089858483,b0f066a214c2f5e87bad3c948f4d605d)
Start importing Assets/Scripts/TamadoEgyseg.cs using Guid(f59f6ef51cefad243a9d620ed49ca28c) Importer(2089858483,b0f066a214c2f5e87bad3c948f4d605d) (ScriptedImporter) -> (artifact id: 'c70aec04d7c0cf09e215141c29638a57') in 0.0555636 seconds
Number of updated asset objects reloaded before import = 0Number of asset objects unloaded after import = 0

========================================================================
Received Import Request.
  Time since last request: 28.347590 seconds.
  path: Assets/Prefabs/ElfMagus.prefab
  artifactKey: Guid(98253fde598dfec4fa7f332e6e11a4d2) Importer(815301076,1909f56bfc062723c751e8b465ee728b)
Start importing Assets/Prefabs/ElfMagus.prefab using Guid(98253fde598dfec4fa7f332e6e11a4d2) Importer(815301076,1909f56bfc062723c751e8b465ee728b) (PreviewImporter) -> (artifact id: 'e66758731b82e960b195da1cf39eb855') in 0.0095773 seconds
Number of updated asset objects reloaded before import = 0Number of asset objects unloaded after import = 13

========================================================================
Received Import Request.
  Time since last request: 0.971947 seconds.
  path: Assets/Prefabs/Lovedek.prefab
  artifactKey: Guid(a3b8ba83026623644a794746a7b4a850) Importer(2089858483,b0f066a214c2f5e87bad3c948f4d605d)
Start importing Assets/Prefabs/Lovedek.prefab using Guid(a3b8ba83026623644a794746a7b4a850) Importer(2089858483,b0f066a214c2f5e87bad3c948f4d605d) (ScriptedImporter) -> (artifact id: 'a9182888302f150631273e2fe4d3439a') in 0.0465998 seconds
Number of updated asset objects reloaded before import = 0Number of asset objects unloaded after import = 6

========================================================================
Received Import Request.
  Time since last request: 7.383137 seconds.
  path: Assets/Prefabs/TorpBanyasz.prefab
  artifactKey: Guid(3f902f8f782dbf144baff59c492f10f4) Importer(815301076,1909f56bfc062723c751e8b465ee728b)
Start importing Assets/Prefabs/TorpBanyasz.prefab using Guid(3f902f8f782dbf144baff59c492f10f4) Importer(815301076,1909f56bfc062723c751e8b465ee728b) (PreviewImporter) -> (artifact id: '70270d27ae1f421606ca2fb47c676560') in 0.0016722 seconds
Number of updated asset objects reloaded before import = 0Number of asset objects unloaded after import = 6

========================================================================
Received Import Request.
  Time since last request: 5.814979 seconds.
  path: Assets/Prefabs/TorpBanyasz.prefab
  artifactKey: Guid(3f902f8f782dbf144baff59c492f10f4) Importer(815301076,1909f56bfc062723c751e8b465ee728b)
Start importing Assets/Prefabs/TorpBanyasz.prefab using Guid(3f902f8f782dbf144baff59c492f10f4) Importer(815301076,1909f56bfc062723c751e8b465ee728b) (PreviewImporter) -> (artifact id: '33f27047b27d2762350e02a765d04111') in 0.0149138 seconds
Number of updated asset objects reloaded before import = 0Number of asset objects unloaded after import = 6

========================================================================
Received Import Request.
  Time since last request: 0.969026 seconds.
  path: Assets/Prefabs/TorpBanyasz.prefab
  artifactKey: Guid(3f902f8f782dbf144baff59c492f10f4) Importer(2089858483,b0f066a214c2f5e87bad3c948f4d605d)
Start importing Assets/Prefabs/TorpBanyasz.prefab using Guid(3f902f8f782dbf144baff59c492f10f4) Importer(2089858483,b0f066a214c2f5e87bad3c948f4d605d) (ScriptedImporter) -> (artifact id: '65b9e3a2390d2e6ceceb10a8496048dc') in 0.0157567 seconds
Number of updated asset objects reloaded before import = 0Number of asset objects unloaded after import = 6

========================================================================
Received Import Request.
  Time since last request: 91.719092 seconds.
  path: Assets/Prefabs/Triangle.png
  artifactKey: Guid(c88f9a60545fc88419a4a36c96b0d656) Importer(815301076,1909f56bfc062723c751e8b465ee728b)
Start importing Assets/Prefabs/Triangle.png using Guid(c88f9a60545fc88419a4a36c96b0d656) Importer(815301076,1909f56bfc062723c751e8b465ee728b) (PreviewImporter) -> (artifact id: '9d690ca3441b0acbdb234757e3469d8f') in 0.062322 seconds
Number of updated asset objects reloaded before import = 0Number of asset objects unloaded after import = 3

========================================================================
Received Import Request.
  Time since last request: 1.020639 seconds.
  path: Assets/Prefabs/Triangle.png
  artifactKey: Guid(c88f9a60545fc88419a4a36c96b0d656) Importer(2089858483,b0f066a214c2f5e87bad3c948f4d605d)
Start importing Assets/Prefabs/Triangle.png using Guid(c88f9a60545fc88419a4a36c96b0d656) Importer(2089858483,b0f066a214c2f5e87bad3c948f4d605d) (ScriptedImporter) -> (artifact id: '934216b1709837f570474aa0bb5f8089') in 0.0491881 seconds
Number of updated asset objects reloaded before import = 0Number of asset objects unloaded after import = 3

========================================================================
Received Import Request.
  Time since last request: 109.988792 seconds.
  path: Assets/Scenes/GameScene.unity
  artifactKey: Guid(d92f155bff0d20d4a8346da3739f926d) Importer(2089858483,b0f066a214c2f5e87bad3c948f4d605d)
Start importing Assets/Scenes/GameScene.unity using Guid(d92f155bff0d20d4a8346da3739f926d) Importer(2089858483,b0f066a214c2f5e87bad3c948f4d605d) (ScriptedImporter) -> (artifact id: '463016783ab8716e08637f393190e547') in 0.015278 seconds
Number of updated asset objects reloaded before import = 0Number of asset objects unloaded after import = 1

========================================================================
Received Prepare
Begin MonoManager ReloadAssembly
[Licensing::Client] Successfully resolved entitlement details
- Loaded All Assemblies, in  0.603 seconds
Refreshing native plugins compatible for Editor in 0.99 ms, found 4 plugins.
Native extension for WindowsStandalone target not found
Native extension for WebGL target not found
[Package Manager] Failed to launch server process. Reason: Unity was launched with the -noUpm command-line argument
[Package Manager] Unable to send message (not connected to server process).
[Package Manager] Cannot connect to Unity Package Manager local server
Mono: successfully reloaded assembly
- Finished resetting the current domain, in  0.699 seconds
Domain Reload Profiling: 1303ms
	BeginReloadAssembly (192ms)
		ExecutionOrderSort (0ms)
		DisableScriptedObjects (13ms)
		BackupInstance (0ms)
		ReleaseScriptingObjects (0ms)
		CreateAndSetChildDomain (53ms)
	RebuildCommonClasses (32ms)
	RebuildNativeTypeToScriptingClass (11ms)
	initialDomainReloadingComplete (27ms)
	LoadAllAssembliesAndSetupDomain (341ms)
		LoadAssemblies (277ms)
		RebuildTransferFunctionScriptingTraits (0ms)
		AnalyzeDomain (144ms)
			TypeCache.Refresh (7ms)
				TypeCache.ScanAssembly (0ms)
			BuildScriptInfoCaches (130ms)
			ResolveRequiredComponents (4ms)
	FinalizeReload (700ms)
		ReleaseScriptCaches (0ms)
		RebuildScriptCaches (0ms)
		SetupLoadedEditorAssemblies (592ms)
			LogAssemblyErrors (0ms)
			InitializePlatformSupportModulesInManaged (2ms)
			SetLoadedEditorAssemblies (3ms)
			BeforeProcessingInitializeOnLoad (113ms)
			ProcessInitializeOnLoadAttributes (424ms)
			ProcessInitializeOnLoadMethodAttributes (45ms)
			AfterProcessingInitializeOnLoad (5ms)
			EditorAssembliesLoaded (0ms)
		ExecutionOrderSort2 (0ms)
		AwakeInstancesAfterBackupRestoration (6ms)
Refreshing native plugins compatible for Editor in 1.35 ms, found 4 plugins.
Preloading 0 native plugins for Editor in 0.00 ms.
Unloading 0 Unused Serialized files (Serialized files now loaded: 0)
Unloading 5019 unused Assets / (1.8 MB). Loaded Objects now: 5697.
Memory consumption went from 105.0 MB to 103.2 MB.
Total: 8.918500 ms (FindLiveObjects: 0.872100 ms CreateObjectMapping: 0.510900 ms MarkObjects: 5.771300 ms  DeleteObjects: 1.763000 ms)

Prepare: number of updated asset objects reloaded= 0
========================================================================
Received Import Request.
  Time since last request: 80.710902 seconds.
  path: Assets/Prefabs/TorpBanyasz.prefab
  artifactKey: Guid(3f902f8f782dbf144baff59c492f10f4) Importer(815301076,1909f56bfc062723c751e8b465ee728b)
Start importing Assets/Prefabs/TorpBanyasz.prefab using Guid(3f902f8f782dbf144baff59c492f10f4) Importer(815301076,1909f56bfc062723c751e8b465ee728b) (PreviewImporter) -> (artifact id: '4d5853fc2131269f80346434940c0285') in 0.0650691 seconds
Number of updated asset objects reloaded before import = 0Number of asset objects unloaded after import = 6

========================================================================
Received Import Request.
  Time since last request: 10.087623 seconds.
  path: Assets/Prefabs/ElfMagus.prefab
  artifactKey: Guid(98253fde598dfec4fa7f332e6e11a4d2) Importer(815301076,1909f56bfc062723c751e8b465ee728b)
Start importing Assets/Prefabs/ElfMagus.prefab using Guid(98253fde598dfec4fa7f332e6e11a4d2) Importer(815301076,1909f56bfc062723c751e8b465ee728b) (PreviewImporter) -> (artifact id: '18866974312093c8e4ecdf0919ace5be') in 0.2764074 seconds
Number of updated asset objects reloaded before import = 0Number of asset objects unloaded after import = 13

========================================================================
Received Prepare
Begin MonoManager ReloadAssembly
[Licensing::Client] Successfully resolved entitlement details
- Loaded All Assemblies, in  0.545 seconds
Refreshing native plugins compatible for Editor in 0.77 ms, found 4 plugins.
Native extension for WindowsStandalone target not found
Native extension for WebGL target not found
[Package Manager] Failed to launch server process. Reason: Unity was launched with the -noUpm command-line argument
[Package Manager] Unable to send message (not connected to server process).
[Package Manager] Cannot connect to Unity Package Manager local server
Mono: successfully reloaded assembly
- Finished resetting the current domain, in  0.702 seconds
Domain Reload Profiling: 1248ms
	BeginReloadAssembly (182ms)
		ExecutionOrderSort (0ms)
		DisableScriptedObjects (13ms)
		BackupInstance (0ms)
		ReleaseScriptingObjects (0ms)
		CreateAndSetChildDomain (50ms)
	RebuildCommonClasses (32ms)
	RebuildNativeTypeToScriptingClass (11ms)
	initialDomainReloadingComplete (22ms)
	LoadAllAssembliesAndSetupDomain (297ms)
		LoadAssemblies (254ms)
		RebuildTransferFunctionScriptingTraits (0ms)
		AnalyzeDomain (119ms)
			TypeCache.Refresh (5ms)
				TypeCache.ScanAssembly (0ms)
			BuildScriptInfoCaches (108ms)
			ResolveRequiredComponents (4ms)
	FinalizeReload (703ms)
		ReleaseScriptCaches (0ms)
		RebuildScriptCaches (0ms)
		SetupLoadedEditorAssemblies (586ms)
			LogAssemblyErrors (0ms)
			InitializePlatformSupportModulesInManaged (2ms)
			SetLoadedEditorAssemblies (3ms)
			BeforeProcessingInitializeOnLoad (117ms)
			ProcessInitializeOnLoadAttributes (409ms)
			ProcessInitializeOnLoadMethodAttributes (49ms)
			AfterProcessingInitializeOnLoad (6ms)
			EditorAssembliesLoaded (0ms)
		ExecutionOrderSort2 (0ms)
		AwakeInstancesAfterBackupRestoration (7ms)
Refreshing native plugins compatible for Editor in 0.94 ms, found 4 plugins.
Preloading 0 native plugins for Editor in 0.00 ms.
Unloading 0 Unused Serialized files (Serialized files now loaded: 0)
Unloading 5019 unused Assets / (1.5 MB). Loaded Objects now: 5700.
Memory consumption went from 105.0 MB to 103.5 MB.
Total: 8.159500 ms (FindLiveObjects: 0.509800 ms CreateObjectMapping: 0.180700 ms MarkObjects: 5.862800 ms  DeleteObjects: 1.605100 ms)

Prepare: number of updated asset objects reloaded= 0
========================================================================
Received Prepare
Begin MonoManager ReloadAssembly
- Loaded All Assemblies, in  0.542 seconds
Refreshing native plugins compatible for Editor in 0.71 ms, found 4 plugins.
Native extension for WindowsStandalone target not found
Native extension for WebGL target not found
[Package Manager] Failed to launch server process. Reason: Unity was launched with the -noUpm command-line argument
[Package Manager] Unable to send message (not connected to server process).
[Package Manager] Cannot connect to Unity Package Manager local server
Mono: successfully reloaded assembly
- Finished resetting the current domain, in  0.687 seconds
Domain Reload Profiling: 1229ms
	BeginReloadAssembly (183ms)
		ExecutionOrderSort (0ms)
		DisableScriptedObjects (11ms)
		BackupInstance (0ms)
		ReleaseScriptingObjects (0ms)
		CreateAndSetChildDomain (55ms)
	RebuildCommonClasses (32ms)
	RebuildNativeTypeToScriptingClass (11ms)
	initialDomainReloadingComplete (24ms)
	LoadAllAssembliesAndSetupDomain (292ms)
		LoadAssemblies (254ms)
		RebuildTransferFunctionScriptingTraits (0ms)
		AnalyzeDomain (117ms)
			TypeCache.Refresh (5ms)
				TypeCache.ScanAssembly (0ms)
			BuildScriptInfoCaches (106ms)
			ResolveRequiredComponents (4ms)
	FinalizeReload (687ms)
		ReleaseScriptCaches (0ms)
		RebuildScriptCaches (0ms)
		SetupLoadedEditorAssemblies (583ms)
			LogAssemblyErrors (0ms)
			InitializePlatformSupportModulesInManaged (2ms)
			SetLoadedEditorAssemblies (3ms)
			BeforeProcessingInitializeOnLoad (119ms)
			ProcessInitializeOnLoadAttributes (410ms)
			ProcessInitializeOnLoadMethodAttributes (44ms)
			AfterProcessingInitializeOnLoad (5ms)
			EditorAssembliesLoaded (0ms)
		ExecutionOrderSort2 (0ms)
		AwakeInstancesAfterBackupRestoration (6ms)
Refreshing native plugins compatible for Editor in 0.85 ms, found 4 plugins.
Preloading 0 native plugins for Editor in 0.00 ms.
Unloading 0 Unused Serialized files (Serialized files now loaded: 0)
Unloading 5015 unused Assets / (1.3 MB). Loaded Objects now: 5703.
Memory consumption went from 105.0 MB to 103.6 MB.
Total: 7.736600 ms (FindLiveObjects: 0.499300 ms CreateObjectMapping: 0.181400 ms MarkObjects: 5.905400 ms  DeleteObjects: 1.149200 ms)

Prepare: number of updated asset objects reloaded= 0
========================================================================
Received Prepare
Begin MonoManager ReloadAssembly
[Licensing::Client] Successfully resolved entitlement details
- Loaded All Assemblies, in  0.539 seconds
Refreshing native plugins compatible for Editor in 0.73 ms, found 4 plugins.
Native extension for WindowsStandalone target not found
Native extension for WebGL target not found
[Package Manager] Failed to launch server process. Reason: Unity was launched with the -noUpm command-line argument
[Package Manager] Unable to send message (not connected to server process).
[Package Manager] Cannot connect to Unity Package Manager local server
Mono: successfully reloaded assembly
- Finished resetting the current domain, in  0.693 seconds
Domain Reload Profiling: 1234ms
	BeginReloadAssembly (178ms)
		ExecutionOrderSort (0ms)
		DisableScriptedObjects (14ms)
		BackupInstance (0ms)
		ReleaseScriptingObjects (0ms)
		CreateAndSetChildDomain (47ms)
	RebuildCommonClasses (29ms)
	RebuildNativeTypeToScriptingClass (11ms)
	initialDomainReloadingComplete (23ms)
	LoadAllAssembliesAndSetupDomain (300ms)
		LoadAssemblies (250ms)
		RebuildTransferFunctionScriptingTraits (0ms)
		AnalyzeDomain (123ms)
			TypeCache.Refresh (5ms)
				TypeCache.ScanAssembly (0ms)
			BuildScriptInfoCaches (112ms)
			ResolveRequiredComponents (4ms)
	FinalizeReload (694ms)
		ReleaseScriptCaches (0ms)
		RebuildScriptCaches (0ms)
		SetupLoadedEditorAssemblies (582ms)
			LogAssemblyErrors (0ms)
			InitializePlatformSupportModulesInManaged (2ms)
			SetLoadedEditorAssemblies (3ms)
			BeforeProcessingInitializeOnLoad (115ms)
			ProcessInitializeOnLoadAttributes (405ms)
			ProcessInitializeOnLoadMethodAttributes (52ms)
			AfterProcessingInitializeOnLoad (5ms)
			EditorAssembliesLoaded (0ms)
		ExecutionOrderSort2 (0ms)
		AwakeInstancesAfterBackupRestoration (6ms)
Refreshing native plugins compatible for Editor in 0.90 ms, found 4 plugins.
Preloading 0 native plugins for Editor in 0.00 ms.
Unloading 0 Unused Serialized files (Serialized files now loaded: 0)
Unloading 5015 unused Assets / (1.3 MB). Loaded Objects now: 5706.
Memory consumption went from 105.0 MB to 103.7 MB.
Total: 7.011300 ms (FindLiveObjects: 0.504100 ms CreateObjectMapping: 0.176900 ms MarkObjects: 5.192100 ms  DeleteObjects: 1.136900 ms)

Prepare: number of updated asset objects reloaded= 0
========================================================================
Received Import Request.
  Time since last request: 177.801035 seconds.
  path: Assets/Prefabs/ElfMagus.prefab
  artifactKey: Guid(98253fde598dfec4fa7f332e6e11a4d2) Importer(815301076,1909f56bfc062723c751e8b465ee728b)
Start importing Assets/Prefabs/ElfMagus.prefab using Guid(98253fde598dfec4fa7f332e6e11a4d2) Importer(815301076,1909f56bfc062723c751e8b465ee728b) (PreviewImporter) -> (artifact id: 'f2a63f93ce38f8232f22b9d5e7a56b0c') in 0.0673218 seconds
Number of updated asset objects reloaded before import = 0Number of asset objects unloaded after import = 13

========================================================================
Received Prepare
Begin MonoManager ReloadAssembly
[Licensing::Client] Successfully resolved entitlement details
- Loaded All Assemblies, in  0.531 seconds
Refreshing native plugins compatible for Editor in 0.72 ms, found 4 plugins.
Native extension for WindowsStandalone target not found
Native extension for WebGL target not found
[Package Manager] Failed to launch server process. Reason: Unity was launched with the -noUpm command-line argument
[Package Manager] Unable to send message (not connected to server process).
[Package Manager] Cannot connect to Unity Package Manager local server
Mono: successfully reloaded assembly
- Finished resetting the current domain, in  0.660 seconds
Domain Reload Profiling: 1192ms
	BeginReloadAssembly (175ms)
		ExecutionOrderSort (0ms)
		DisableScriptedObjects (13ms)
		BackupInstance (0ms)
		ReleaseScriptingObjects (0ms)
		CreateAndSetChildDomain (46ms)
	RebuildCommonClasses (29ms)
	RebuildNativeTypeToScriptingClass (11ms)
	initialDomainReloadingComplete (24ms)
	LoadAllAssembliesAndSetupDomain (293ms)
		LoadAssemblies (246ms)
		RebuildTransferFunctionScriptingTraits (0ms)
		AnalyzeDomain (121ms)
			TypeCache.Refresh (5ms)
				TypeCache.ScanAssembly (0ms)
			BuildScriptInfoCaches (109ms)
			ResolveRequiredComponents (4ms)
	FinalizeReload (660ms)
		ReleaseScriptCaches (0ms)
		RebuildScriptCaches (0ms)
		SetupLoadedEditorAssemblies (549ms)
			LogAssemblyErrors (0ms)
			InitializePlatformSupportModulesInManaged (2ms)
			SetLoadedEditorAssemblies (3ms)
			BeforeProcessingInitializeOnLoad (120ms)
			ProcessInitializeOnLoadAttributes (371ms)
			ProcessInitializeOnLoadMethodAttributes (49ms)
			AfterProcessingInitializeOnLoad (5ms)
			EditorAssembliesLoaded (0ms)
		ExecutionOrderSort2 (0ms)
		AwakeInstancesAfterBackupRestoration (5ms)
Refreshing native plugins compatible for Editor in 0.76 ms, found 4 plugins.
Preloading 0 native plugins for Editor in 0.00 ms.
Unloading 0 Unused Serialized files (Serialized files now loaded: 0)
Unloading 5017 unused Assets / (1.3 MB). Loaded Objects now: 5709.
Memory consumption went from 105.0 MB to 103.8 MB.
Total: 6.971200 ms (FindLiveObjects: 0.497000 ms CreateObjectMapping: 0.183000 ms MarkObjects: 5.211300 ms  DeleteObjects: 1.078800 ms)

Prepare: number of updated asset objects reloaded= 0
========================================================================
Received Import Request.
  Time since last request: 22.376366 seconds.
  path: Assets/Prefabs/ElfMagus.prefab
  artifactKey: Guid(98253fde598dfec4fa7f332e6e11a4d2) Importer(815301076,1909f56bfc062723c751e8b465ee728b)
Start importing Assets/Prefabs/ElfMagus.prefab using Guid(98253fde598dfec4fa7f332e6e11a4d2) Importer(815301076,1909f56bfc062723c751e8b465ee728b) (PreviewImporter) -> (artifact id: 'fb3cd465e1a0bbea34ecc247de6d33cd') in 0.0629121 seconds
Number of updated asset objects reloaded before import = 0Number of asset objects unloaded after import = 13

========================================================================
Received Import Request.
  Time since last request: 4.791586 seconds.
  path: Assets/Prefabs/ElfMagus.prefab
  artifactKey: Guid(98253fde598dfec4fa7f332e6e11a4d2) Importer(815301076,1909f56bfc062723c751e8b465ee728b)
Start importing Assets/Prefabs/ElfMagus.prefab using Guid(98253fde598dfec4fa7f332e6e11a4d2) Importer(815301076,1909f56bfc062723c751e8b465ee728b) (PreviewImporter) -> (artifact id: 'c71a47eb500c75ccfa3735684bf8efcf') in 0.0067006 seconds
Number of updated asset objects reloaded before import = 0Number of asset objects unloaded after import = 13

========================================================================
Received Prepare
Begin MonoManager ReloadAssembly
- Loaded All Assemblies, in  0.535 seconds
Refreshing native plugins compatible for Editor in 0.81 ms, found 4 plugins.
Native extension for WindowsStandalone target not found
Native extension for WebGL target not found
[Package Manager] Failed to launch server process. Reason: Unity was launched with the -noUpm command-line argument
[Package Manager] Unable to send message (not connected to server process).
[Package Manager] Cannot connect to Unity Package Manager local server
Mono: successfully reloaded assembly
- Finished resetting the current domain, in  0.674 seconds
Domain Reload Profiling: 1210ms
	BeginReloadAssembly (181ms)
		ExecutionOrderSort (0ms)
		DisableScriptedObjects (14ms)
		BackupInstance (0ms)
		ReleaseScriptingObjects (0ms)
		CreateAndSetChildDomain (49ms)
	RebuildCommonClasses (30ms)
	RebuildNativeTypeToScriptingClass (11ms)
	initialDomainReloadingComplete (22ms)
	LoadAllAssembliesAndSetupDomain (292ms)
		LoadAssemblies (253ms)
		RebuildTransferFunctionScriptingTraits (0ms)
		AnalyzeDomain (115ms)
			TypeCache.Refresh (5ms)
				TypeCache.ScanAssembly (0ms)
			BuildScriptInfoCaches (103ms)
			ResolveRequiredComponents (4ms)
	FinalizeReload (675ms)
		ReleaseScriptCaches (0ms)
		RebuildScriptCaches (0ms)
		SetupLoadedEditorAssemblies (568ms)
			LogAssemblyErrors (0ms)
			InitializePlatformSupportModulesInManaged (2ms)
			SetLoadedEditorAssemblies (3ms)
			BeforeProcessingInitializeOnLoad (115ms)
			ProcessInitializeOnLoadAttributes (392ms)
			ProcessInitializeOnLoadMethodAttributes (51ms)
			AfterProcessingInitializeOnLoad (5ms)
			EditorAssembliesLoaded (0ms)
		ExecutionOrderSort2 (0ms)
		AwakeInstancesAfterBackupRestoration (6ms)
Refreshing native plugins compatible for Editor in 1.10 ms, found 4 plugins.
Preloading 0 native plugins for Editor in 0.00 ms.
Unloading 0 Unused Serialized files (Serialized files now loaded: 0)
Unloading 5017 unused Assets / (1.7 MB). Loaded Objects now: 5712.
Memory consumption went from 105.0 MB to 103.4 MB.
Total: 8.731000 ms (FindLiveObjects: 0.516700 ms CreateObjectMapping: 0.257700 ms MarkObjects: 5.981800 ms  DeleteObjects: 1.973500 ms)

Prepare: number of updated asset objects reloaded= 0
========================================================================
Received Import Request.
  Time since last request: 28.395208 seconds.
  path: Assets/Prefabs/ElfMagus.prefab
  artifactKey: Guid(98253fde598dfec4fa7f332e6e11a4d2) Importer(815301076,1909f56bfc062723c751e8b465ee728b)
Start importing Assets/Prefabs/ElfMagus.prefab using Guid(98253fde598dfec4fa7f332e6e11a4d2) Importer(815301076,1909f56bfc062723c751e8b465ee728b) (PreviewImporter) -> (artifact id: '773fd04bb2b700aa4babe1f04de72262') in 0.0653842 seconds
Number of updated asset objects reloaded before import = 0Number of asset objects unloaded after import = 13

========================================================================
Received Prepare
Begin MonoManager ReloadAssembly
[Licensing::Client] Successfully resolved entitlement details
- Loaded All Assemblies, in  0.541 seconds
Refreshing native plugins compatible for Editor in 0.72 ms, found 4 plugins.
Native extension for WindowsStandalone target not found
Native extension for WebGL target not found
[Package Manager] Failed to launch server process. Reason: Unity was launched with the -noUpm command-line argument
[Package Manager] Unable to send message (not connected to server process).
[Package Manager] Cannot connect to Unity Package Manager local server
Mono: successfully reloaded assembly
- Finished resetting the current domain, in  0.685 seconds
Domain Reload Profiling: 1226ms
	BeginReloadAssembly (182ms)
		ExecutionOrderSort (0ms)
		DisableScriptedObjects (13ms)
		BackupInstance (0ms)
		ReleaseScriptingObjects (0ms)
		CreateAndSetChildDomain (47ms)
	RebuildCommonClasses (30ms)
	RebuildNativeTypeToScriptingClass (12ms)
	initialDomainReloadingComplete (23ms)
	LoadAllAssembliesAndSetupDomain (293ms)
		LoadAssemblies (251ms)
		RebuildTransferFunctionScriptingTraits (0ms)
		AnalyzeDomain (118ms)
			TypeCache.Refresh (5ms)
				TypeCache.ScanAssembly (0ms)
			BuildScriptInfoCaches (106ms)
			ResolveRequiredComponents (4ms)
	FinalizeReload (685ms)
		ReleaseScriptCaches (0ms)
		RebuildScriptCaches (0ms)
		SetupLoadedEditorAssemblies (579ms)
			LogAssemblyErrors (0ms)
			InitializePlatformSupportModulesInManaged (2ms)
			SetLoadedEditorAssemblies (3ms)
			BeforeProcessingInitializeOnLoad (119ms)
			ProcessInitializeOnLoadAttributes (399ms)
			ProcessInitializeOnLoadMethodAttributes (48ms)
			AfterProcessingInitializeOnLoad (7ms)
			EditorAssembliesLoaded (0ms)
		ExecutionOrderSort2 (0ms)
		AwakeInstancesAfterBackupRestoration (6ms)
Refreshing native plugins compatible for Editor in 0.78 ms, found 4 plugins.
Preloading 0 native plugins for Editor in 0.00 ms.
Unloading 0 Unused Serialized files (Serialized files now loaded: 0)
Unloading 5017 unused Assets / (1.4 MB). Loaded Objects now: 5715.
Memory consumption went from 105.0 MB to 103.6 MB.
Total: 7.486200 ms (FindLiveObjects: 0.510900 ms CreateObjectMapping: 0.174100 ms MarkObjects: 5.515400 ms  DeleteObjects: 1.284600 ms)

Prepare: number of updated asset objects reloaded= 0
========================================================================
Received Import Request.
  Time since last request: 33.927809 seconds.
  path: Assets/Prefabs/ElfMagus.prefab
  artifactKey: Guid(98253fde598dfec4fa7f332e6e11a4d2) Importer(815301076,1909f56bfc062723c751e8b465ee728b)
Start importing Assets/Prefabs/ElfMagus.prefab using Guid(98253fde598dfec4fa7f332e6e11a4d2) Importer(815301076,1909f56bfc062723c751e8b465ee728b) (PreviewImporter) -> (artifact id: 'bb2408e9a7cbb4907bd90f01abe57e3a') in 0.061599 seconds
Number of updated asset objects reloaded before import = 0Number of asset objects unloaded after import = 13

========================================================================
Received Import Request.
  Time since last request: 12.658892 seconds.
  path: Assets/Prefabs/ElfMagus.prefab
  artifactKey: Guid(98253fde598dfec4fa7f332e6e11a4d2) Importer(815301076,1909f56bfc062723c751e8b465ee728b)
Start importing Assets/Prefabs/ElfMagus.prefab using Guid(98253fde598dfec4fa7f332e6e11a4d2) Importer(815301076,1909f56bfc062723c751e8b465ee728b) (PreviewImporter) -> (artifact id: 'e4ffb74de3908665f7fb06804f2a473c') in 0.0145723 seconds
Number of updated asset objects reloaded before import = 0Number of asset objects unloaded after import = 13

========================================================================
Received Import Request.
  Time since last request: 0.896191 seconds.
  path: Assets/Prefabs/ElfMagus.prefab
  artifactKey: Guid(98253fde598dfec4fa7f332e6e11a4d2) Importer(815301076,1909f56bfc062723c751e8b465ee728b)
Start importing Assets/Prefabs/ElfMagus.prefab using Guid(98253fde598dfec4fa7f332e6e11a4d2) Importer(815301076,1909f56bfc062723c751e8b465ee728b) (PreviewImporter) -> (artifact id: '35b1ed246dce9bfc56b2f9219bd4682b') in 0.0233553 seconds
Number of updated asset objects reloaded before import = 0Number of asset objects unloaded after import = 13

========================================================================
Received Prepare
Begin MonoManager ReloadAssembly
- Loaded All Assemblies, in  0.579 seconds
Refreshing native plugins compatible for Editor in 0.99 ms, found 4 plugins.
Native extension for WindowsStandalone target not found
Native extension for WebGL target not found
[Package Manager] Failed to launch server process. Reason: Unity was launched with the -noUpm command-line argument
[Package Manager] Unable to send message (not connected to server process).
[Package Manager] Cannot connect to Unity Package Manager local server
Mono: successfully reloaded assembly
- Finished resetting the current domain, in  0.740 seconds
Domain Reload Profiling: 1320ms
	BeginReloadAssembly (193ms)
		ExecutionOrderSort (0ms)
		DisableScriptedObjects (11ms)
		BackupInstance (0ms)
		ReleaseScriptingObjects (0ms)
		CreateAndSetChildDomain (51ms)
	RebuildCommonClasses (31ms)
	RebuildNativeTypeToScriptingClass (11ms)
	initialDomainReloadingComplete (25ms)
	LoadAllAssembliesAndSetupDomain (320ms)
		LoadAssemblies (273ms)
		RebuildTransferFunctionScriptingTraits (0ms)
		AnalyzeDomain (132ms)
			TypeCache.Refresh (5ms)
				TypeCache.ScanAssembly (0ms)
			BuildScriptInfoCaches (120ms)
			ResolveRequiredComponents (4ms)
	FinalizeReload (741ms)
		ReleaseScriptCaches (0ms)
		RebuildScriptCaches (0ms)
		SetupLoadedEditorAssemblies (630ms)
			LogAssemblyErrors (0ms)
			InitializePlatformSupportModulesInManaged (2ms)
			SetLoadedEditorAssemblies (3ms)
			BeforeProcessingInitializeOnLoad (154ms)
			ProcessInitializeOnLoadAttributes (413ms)
			ProcessInitializeOnLoadMethodAttributes (52ms)
			AfterProcessingInitializeOnLoad (6ms)
			EditorAssembliesLoaded (0ms)
		ExecutionOrderSort2 (0ms)
		AwakeInstancesAfterBackupRestoration (6ms)
Refreshing native plugins compatible for Editor in 0.80 ms, found 4 plugins.
Preloading 0 native plugins for Editor in 0.00 ms.
Unloading 0 Unused Serialized files (Serialized files now loaded: 0)
Unloading 5017 unused Assets / (2.0 MB). Loaded Objects now: 5718.
Memory consumption went from 105.1 MB to 103.1 MB.
Total: 8.907500 ms (FindLiveObjects: 0.500200 ms CreateObjectMapping: 0.247400 ms MarkObjects: 6.154200 ms  DeleteObjects: 2.004000 ms)

Prepare: number of updated asset objects reloaded= 0
========================================================================
Received Import Request.
  Time since last request: 15.376057 seconds.
  path: Assets/Prefabs/ElfMagus.prefab
  artifactKey: Guid(98253fde598dfec4fa7f332e6e11a4d2) Importer(815301076,1909f56bfc062723c751e8b465ee728b)
Start importing Assets/Prefabs/ElfMagus.prefab using Guid(98253fde598dfec4fa7f332e6e11a4d2) Importer(815301076,1909f56bfc062723c751e8b465ee728b) (PreviewImporter) -> (artifact id: 'b864375930b613b69bd08fd0b711952f') in 0.0682384 seconds
Number of updated asset objects reloaded before import = 0Number of asset objects unloaded after import = 13

========================================================================
Received Import Request.
  Time since last request: 2.538661 seconds.
  path: Assets/Prefabs/ElfMagus.prefab
  artifactKey: Guid(98253fde598dfec4fa7f332e6e11a4d2) Importer(815301076,1909f56bfc062723c751e8b465ee728b)
Start importing Assets/Prefabs/ElfMagus.prefab using Guid(98253fde598dfec4fa7f332e6e11a4d2) Importer(815301076,1909f56bfc062723c751e8b465ee728b) (PreviewImporter) -> (artifact id: '60befe23140fa22a1c3285409daf8394') in 0.0225086 seconds
Number of updated asset objects reloaded before import = 0Number of asset objects unloaded after import = 13

========================================================================
Received Prepare
Begin MonoManager ReloadAssembly
- Loaded All Assemblies, in  0.563 seconds
Refreshing native plugins compatible for Editor in 0.77 ms, found 4 plugins.
Native extension for WindowsStandalone target not found
Native extension for WebGL target not found
[Package Manager] Failed to launch server process. Reason: Unity was launched with the -noUpm command-line argument
[Package Manager] Unable to send message (not connected to server process).
[Package Manager] Cannot connect to Unity Package Manager local server
Mono: successfully reloaded assembly
- Finished resetting the current domain, in  0.709 seconds
Domain Reload Profiling: 1274ms
	BeginReloadAssembly (179ms)
		ExecutionOrderSort (0ms)
		DisableScriptedObjects (12ms)
		BackupInstance (0ms)
		ReleaseScriptingObjects (0ms)
		CreateAndSetChildDomain (51ms)
	RebuildCommonClasses (31ms)
	RebuildNativeTypeToScriptingClass (15ms)
	initialDomainReloadingComplete (23ms)
	LoadAllAssembliesAndSetupDomain (315ms)
		LoadAssemblies (257ms)
		RebuildTransferFunctionScriptingTraits (0ms)
		AnalyzeDomain (134ms)
			TypeCache.Refresh (5ms)
				TypeCache.ScanAssembly (0ms)
			BuildScriptInfoCaches (122ms)
			ResolveRequiredComponents (4ms)
	FinalizeReload (710ms)
		ReleaseScriptCaches (0ms)
		RebuildScriptCaches (0ms)
		SetupLoadedEditorAssemblies (598ms)
			LogAssemblyErrors (0ms)
			InitializePlatformSupportModulesInManaged (2ms)
			SetLoadedEditorAssemblies (4ms)
			BeforeProcessingInitializeOnLoad (126ms)
			ProcessInitializeOnLoadAttributes (400ms)
			ProcessInitializeOnLoadMethodAttributes (59ms)
			AfterProcessingInitializeOnLoad (6ms)
			EditorAssembliesLoaded (0ms)
		ExecutionOrderSort2 (0ms)
		AwakeInstancesAfterBackupRestoration (6ms)
Refreshing native plugins compatible for Editor in 0.85 ms, found 4 plugins.
Preloading 0 native plugins for Editor in 0.00 ms.
Unloading 0 Unused Serialized files (Serialized files now loaded: 0)
Unloading 5017 unused Assets / (1.6 MB). Loaded Objects now: 5721.
Memory consumption went from 105.1 MB to 103.5 MB.
Total: 8.311400 ms (FindLiveObjects: 0.563400 ms CreateObjectMapping: 0.272800 ms MarkObjects: 5.924300 ms  DeleteObjects: 1.549300 ms)

Prepare: number of updated asset objects reloaded= 0
========================================================================
Received Prepare
Begin MonoManager ReloadAssembly
[Licensing::Client] Successfully resolved entitlement details
- Loaded All Assemblies, in  0.534 seconds
Refreshing native plugins compatible for Editor in 0.67 ms, found 4 plugins.
Native extension for WindowsStandalone target not found
Native extension for WebGL target not found
[Package Manager] Failed to launch server process. Reason: Unity was launched with the -noUpm command-line argument
[Package Manager] Unable to send message (not connected to server process).
[Package Manager] Cannot connect to Unity Package Manager local server
Mono: successfully reloaded assembly
- Finished resetting the current domain, in  0.636 seconds
Domain Reload Profiling: 1172ms
	BeginReloadAssembly (190ms)
		ExecutionOrderSort (0ms)
		DisableScriptedObjects (14ms)
		BackupInstance (0ms)
		ReleaseScriptingObjects (0ms)
		CreateAndSetChildDomain (54ms)
	RebuildCommonClasses (29ms)
	RebuildNativeTypeToScriptingClass (11ms)
	initialDomainReloadingComplete (21ms)
	LoadAllAssembliesAndSetupDomain (285ms)
		LoadAssemblies (236ms)
		RebuildTransferFunctionScriptingTraits (0ms)
		AnalyzeDomain (127ms)
			TypeCache.Refresh (9ms)
				TypeCache.ScanAssembly (1ms)
			BuildScriptInfoCaches (111ms)
			ResolveRequiredComponents (4ms)
	FinalizeReload (637ms)
		ReleaseScriptCaches (0ms)
		RebuildScriptCaches (0ms)
		SetupLoadedEditorAssemblies (536ms)
			LogAssemblyErrors (0ms)
			InitializePlatformSupportModulesInManaged (2ms)
			SetLoadedEditorAssemblies (3ms)
			BeforeProcessingInitializeOnLoad (118ms)
			ProcessInitializeOnLoadAttributes (366ms)
			ProcessInitializeOnLoadMethodAttributes (41ms)
			AfterProcessingInitializeOnLoad (5ms)
			EditorAssembliesLoaded (0ms)
		ExecutionOrderSort2 (0ms)
		AwakeInstancesAfterBackupRestoration (5ms)
Refreshing native plugins compatible for Editor in 0.73 ms, found 4 plugins.
Preloading 0 native plugins for Editor in 0.00 ms.
Unloading 0 Unused Serialized files (Serialized files now loaded: 0)
Unloading 5015 unused Assets / (1.0 MB). Loaded Objects now: 5724.
Memory consumption went from 105.1 MB to 104.0 MB.
Total: 6.230500 ms (FindLiveObjects: 0.491500 ms CreateObjectMapping: 0.183800 ms MarkObjects: 4.543100 ms  DeleteObjects: 1.011300 ms)

Prepare: number of updated asset objects reloaded= 0
========================================================================
Received Prepare
Begin MonoManager ReloadAssembly
- Loaded All Assemblies, in  0.506 seconds
Refreshing native plugins compatible for Editor in 0.68 ms, found 4 plugins.
Native extension for WindowsStandalone target not found
Native extension for WebGL target not found
[Package Manager] Failed to launch server process. Reason: Unity was launched with the -noUpm command-line argument
[Package Manager] Unable to send message (not connected to server process).
[Package Manager] Cannot connect to Unity Package Manager local server
Mono: successfully reloaded assembly
- Finished resetting the current domain, in  0.645 seconds
Domain Reload Profiling: 1152ms
	BeginReloadAssembly (165ms)
		ExecutionOrderSort (0ms)
		DisableScriptedObjects (11ms)
		BackupInstance (0ms)
		ReleaseScriptingObjects (0ms)
		CreateAndSetChildDomain (46ms)
	RebuildCommonClasses (28ms)
	RebuildNativeTypeToScriptingClass (11ms)
	initialDomainReloadingComplete (21ms)
	LoadAllAssembliesAndSetupDomain (281ms)
		LoadAssemblies (227ms)
		RebuildTransferFunctionScriptingTraits (0ms)
		AnalyzeDomain (122ms)
			TypeCache.Refresh (5ms)
				TypeCache.ScanAssembly (0ms)
			BuildScriptInfoCaches (111ms)
			ResolveRequiredComponents (4ms)
	FinalizeReload (646ms)
		ReleaseScriptCaches (0ms)
		RebuildScriptCaches (0ms)
		SetupLoadedEditorAssemblies (543ms)
			LogAssemblyErrors (0ms)
			InitializePlatformSupportModulesInManaged (2ms)
			SetLoadedEditorAssemblies (3ms)
			BeforeProcessingInitializeOnLoad (113ms)
			ProcessInitializeOnLoadAttributes (376ms)
			ProcessInitializeOnLoadMethodAttributes (43ms)
			AfterProcessingInitializeOnLoad (5ms)
			EditorAssembliesLoaded (0ms)
		ExecutionOrderSort2 (0ms)
		AwakeInstancesAfterBackupRestoration (5ms)
Refreshing native plugins compatible for Editor in 0.78 ms, found 4 plugins.
Preloading 0 native plugins for Editor in 0.00 ms.
Unloading 0 Unused Serialized files (Serialized files now loaded: 0)
Unloading 5015 unused Assets / (1.2 MB). Loaded Objects now: 5727.
Memory consumption went from 105.1 MB to 103.9 MB.
Total: 6.527400 ms (FindLiveObjects: 0.496100 ms CreateObjectMapping: 0.207200 ms MarkObjects: 4.812700 ms  DeleteObjects: 1.010400 ms)

Prepare: number of updated asset objects reloaded= 0
========================================================================
Received Import Request.
  Time since last request: 159.112425 seconds.
  path: Assets/Prefabs/ElfMagus.prefab
  artifactKey: Guid(98253fde598dfec4fa7f332e6e11a4d2) Importer(815301076,1909f56bfc062723c751e8b465ee728b)
Start importing Assets/Prefabs/ElfMagus.prefab using Guid(98253fde598dfec4fa7f332e6e11a4d2) Importer(815301076,1909f56bfc062723c751e8b465ee728b) (PreviewImporter) -> (artifact id: '7d7ff36bd0fa833ecceaf08d096da09b') in 0.0524867 seconds
Number of updated asset objects reloaded before import = 0Number of asset objects unloaded after import = 13

========================================================================
Received Prepare
Begin MonoManager ReloadAssembly
- Loaded All Assemblies, in  0.492 seconds
Refreshing native plugins compatible for Editor in 0.85 ms, found 4 plugins.
Native extension for WindowsStandalone target not found
Native extension for WebGL target not found
[Package Manager] Failed to launch server process. Reason: Unity was launched with the -noUpm command-line argument
[Package Manager] Unable to send message (not connected to server process).
[Package Manager] Cannot connect to Unity Package Manager local server
Mono: successfully reloaded assembly
- Finished resetting the current domain, in  0.646 seconds
Domain Reload Profiling: 1139ms
	BeginReloadAssembly (167ms)
		ExecutionOrderSort (0ms)
		DisableScriptedObjects (12ms)
		BackupInstance (0ms)
		ReleaseScriptingObjects (0ms)
		CreateAndSetChildDomain (47ms)
	RebuildCommonClasses (27ms)
	RebuildNativeTypeToScriptingClass (11ms)
	initialDomainReloadingComplete (21ms)
	LoadAllAssembliesAndSetupDomain (267ms)
		LoadAssemblies (225ms)
		RebuildTransferFunctionScriptingTraits (0ms)
		AnalyzeDomain (111ms)
			TypeCache.Refresh (5ms)
				TypeCache.ScanAssembly (0ms)
			BuildScriptInfoCaches (99ms)
			ResolveRequiredComponents (4ms)
	FinalizeReload (647ms)
		ReleaseScriptCaches (0ms)
		RebuildScriptCaches (0ms)
		SetupLoadedEditorAssemblies (545ms)
			LogAssemblyErrors (0ms)
			InitializePlatformSupportModulesInManaged (2ms)
			SetLoadedEditorAssemblies (3ms)
			BeforeProcessingInitializeOnLoad (111ms)
			ProcessInitializeOnLoadAttributes (376ms)
			ProcessInitializeOnLoadMethodAttributes (48ms)
			AfterProcessingInitializeOnLoad (5ms)
			EditorAssembliesLoaded (0ms)
		ExecutionOrderSort2 (0ms)
		AwakeInstancesAfterBackupRestoration (5ms)
Refreshing native plugins compatible for Editor in 1.02 ms, found 4 plugins.
Preloading 0 native plugins for Editor in 0.00 ms.
Unloading 0 Unused Serialized files (Serialized files now loaded: 0)
Unloading 5017 unused Assets / (1.0 MB). Loaded Objects now: 5730.
Memory consumption went from 105.1 MB to 104.1 MB.
Total: 6.243900 ms (FindLiveObjects: 0.505900 ms CreateObjectMapping: 0.181200 ms MarkObjects: 4.616600 ms  DeleteObjects: 0.939200 ms)

Prepare: number of updated asset objects reloaded= 0
========================================================================
Received Import Request.
  Time since last request: 29.061128 seconds.
  path: Assets/Prefabs/ElfMagus.prefab
  artifactKey: Guid(98253fde598dfec4fa7f332e6e11a4d2) Importer(815301076,1909f56bfc062723c751e8b465ee728b)
Start importing Assets/Prefabs/ElfMagus.prefab using Guid(98253fde598dfec4fa7f332e6e11a4d2) Importer(815301076,1909f56bfc062723c751e8b465ee728b) (PreviewImporter) -> (artifact id: '4b712b8d2a84cd077c1883425e85e80b') in 0.0542463 seconds
Number of updated asset objects reloaded before import = 0Number of asset objects unloaded after import = 13

========================================================================
Received Import Request.
  Time since last request: 9.371742 seconds.
  path: Assets/Prefabs/ElfMagus.prefab
  artifactKey: Guid(98253fde598dfec4fa7f332e6e11a4d2) Importer(815301076,1909f56bfc062723c751e8b465ee728b)
Start importing Assets/Prefabs/ElfMagus.prefab using Guid(98253fde598dfec4fa7f332e6e11a4d2) Importer(815301076,1909f56bfc062723c751e8b465ee728b) (PreviewImporter) -> (artifact id: '324eb0ed59dcecd03b4dc78ce2a2b20d') in 0.007286 seconds
Number of updated asset objects reloaded before import = 0Number of asset objects unloaded after import = 13

========================================================================
Received Prepare
Begin MonoManager ReloadAssembly
[Licensing::Client] Successfully resolved entitlement details
- Loaded All Assemblies, in  0.517 seconds
Refreshing native plugins compatible for Editor in 0.67 ms, found 4 plugins.
Native extension for WindowsStandalone target not found
Native extension for WebGL target not found
[Package Manager] Failed to launch server process. Reason: Unity was launched with the -noUpm command-line argument
[Package Manager] Unable to send message (not connected to server process).
[Package Manager] Cannot connect to Unity Package Manager local server
Mono: successfully reloaded assembly
- Finished resetting the current domain, in  0.641 seconds
Domain Reload Profiling: 1159ms
	BeginReloadAssembly (179ms)
		ExecutionOrderSort (0ms)
		DisableScriptedObjects (12ms)
		BackupInstance (0ms)
		ReleaseScriptingObjects (0ms)
		CreateAndSetChildDomain (50ms)
	RebuildCommonClasses (28ms)
	RebuildNativeTypeToScriptingClass (11ms)
	initialDomainReloadingComplete (21ms)
	LoadAllAssembliesAndSetupDomain (279ms)
		LoadAssemblies (243ms)
		RebuildTransferFunctionScriptingTraits (0ms)
		AnalyzeDomain (112ms)
			TypeCache.Refresh (4ms)
				TypeCache.ScanAssembly (0ms)
			BuildScriptInfoCaches (101ms)
			ResolveRequiredComponents (4ms)
	FinalizeReload (642ms)
		ReleaseScriptCaches (0ms)
		RebuildScriptCaches (0ms)
		SetupLoadedEditorAssemblies (541ms)
			LogAssemblyErrors (0ms)
			InitializePlatformSupportModulesInManaged (2ms)
			SetLoadedEditorAssemblies (3ms)
			BeforeProcessingInitializeOnLoad (115ms)
			ProcessInitializeOnLoadAttributes (374ms)
			ProcessInitializeOnLoadMethodAttributes (43ms)
			AfterProcessingInitializeOnLoad (5ms)
			EditorAssembliesLoaded (0ms)
		ExecutionOrderSort2 (0ms)
		AwakeInstancesAfterBackupRestoration (6ms)
Refreshing native plugins compatible for Editor in 0.74 ms, found 4 plugins.
Preloading 0 native plugins for Editor in 0.00 ms.
Unloading 0 Unused Serialized files (Serialized files now loaded: 0)
Unloading 5017 unused Assets / (1.2 MB). Loaded Objects now: 5733.
Memory consumption went from 105.1 MB to 103.9 MB.
Total: 6.590000 ms (FindLiveObjects: 0.512700 ms CreateObjectMapping: 0.197700 ms MarkObjects: 4.834600 ms  DeleteObjects: 1.044200 ms)

Prepare: number of updated asset objects reloaded= 0
========================================================================
Received Import Request.
  Time since last request: 15.970432 seconds.
  path: Assets/Prefabs/ElfMagus.prefab
  artifactKey: Guid(98253fde598dfec4fa7f332e6e11a4d2) Importer(815301076,1909f56bfc062723c751e8b465ee728b)
Start importing Assets/Prefabs/ElfMagus.prefab using Guid(98253fde598dfec4fa7f332e6e11a4d2) Importer(815301076,1909f56bfc062723c751e8b465ee728b) (PreviewImporter) -> (artifact id: '1f275bcd4df66553ba6e8a8fcadae372') in 0.0540812 seconds
Number of updated asset objects reloaded before import = 0Number of asset objects unloaded after import = 13

========================================================================
Received Import Request.
  Time since last request: 3.140151 seconds.
  path: Assets/Prefabs/TorpBanyasz.prefab
  artifactKey: Guid(3f902f8f782dbf144baff59c492f10f4) Importer(815301076,1909f56bfc062723c751e8b465ee728b)
Start importing Assets/Prefabs/TorpBanyasz.prefab using Guid(3f902f8f782dbf144baff59c492f10f4) Importer(815301076,1909f56bfc062723c751e8b465ee728b) (PreviewImporter) -> (artifact id: '6a8c0789a6f888f613ac67744822e465') in 0.0133961 seconds
Number of updated asset objects reloaded before import = 0Number of asset objects unloaded after import = 6

========================================================================
Received Import Request.
  Time since last request: 4.994577 seconds.
  path: Assets/Prefabs/ElfMagus.prefab
  artifactKey: Guid(98253fde598dfec4fa7f332e6e11a4d2) Importer(815301076,1909f56bfc062723c751e8b465ee728b)
Start importing Assets/Prefabs/ElfMagus.prefab using Guid(98253fde598dfec4fa7f332e6e11a4d2) Importer(815301076,1909f56bfc062723c751e8b465ee728b) (PreviewImporter) -> (artifact id: 'c1ad5164c31712c159c8416c23676107') in 0.014183 seconds
Number of updated asset objects reloaded before import = 0Number of asset objects unloaded after import = 13

========================================================================
Received Prepare
Begin MonoManager ReloadAssembly
- Loaded All Assemblies, in  0.495 seconds
Refreshing native plugins compatible for Editor in 0.70 ms, found 4 plugins.
Native extension for WindowsStandalone target not found
Native extension for WebGL target not found
[Package Manager] Failed to launch server process. Reason: Unity was launched with the -noUpm command-line argument
[Package Manager] Unable to send message (not connected to server process).
[Package Manager] Cannot connect to Unity Package Manager local server
Mono: successfully reloaded assembly
- Finished resetting the current domain, in  0.655 seconds
Domain Reload Profiling: 1150ms
	BeginReloadAssembly (163ms)
		ExecutionOrderSort (0ms)
		DisableScriptedObjects (13ms)
		BackupInstance (0ms)
		ReleaseScriptingObjects (0ms)
		CreateAndSetChildDomain (44ms)
	RebuildCommonClasses (27ms)
	RebuildNativeTypeToScriptingClass (11ms)
	initialDomainReloadingComplete (21ms)
	LoadAllAssembliesAndSetupDomain (273ms)
		LoadAssemblies (230ms)
		RebuildTransferFunctionScriptingTraits (0ms)
		AnalyzeDomain (112ms)
			TypeCache.Refresh (5ms)
				TypeCache.ScanAssembly (0ms)
			BuildScriptInfoCaches (100ms)
			ResolveRequiredComponents (4ms)
	FinalizeReload (655ms)
		ReleaseScriptCaches (0ms)
		RebuildScriptCaches (0ms)
		SetupLoadedEditorAssemblies (556ms)
			LogAssemblyErrors (0ms)
			InitializePlatformSupportModulesInManaged (2ms)
			SetLoadedEditorAssemblies (3ms)
			BeforeProcessingInitializeOnLoad (112ms)
			ProcessInitializeOnLoadAttributes (387ms)
			ProcessInitializeOnLoadMethodAttributes (47ms)
			AfterProcessingInitializeOnLoad (5ms)
			EditorAssembliesLoaded (0ms)
		ExecutionOrderSort2 (0ms)
		AwakeInstancesAfterBackupRestoration (5ms)
Refreshing native plugins compatible for Editor in 0.76 ms, found 4 plugins.
Preloading 0 native plugins for Editor in 0.00 ms.
Unloading 0 Unused Serialized files (Serialized files now loaded: 0)
Unloading 5019 unused Assets / (1.2 MB). Loaded Objects now: 5736.
Memory consumption went from 105.1 MB to 103.9 MB.
Total: 7.137200 ms (FindLiveObjects: 0.522900 ms CreateObjectMapping: 0.193000 ms MarkObjects: 5.295800 ms  DeleteObjects: 1.124500 ms)

Prepare: number of updated asset objects reloaded= 0
========================================================================
Received Prepare
Begin MonoManager ReloadAssembly
[Licensing::Client] Successfully resolved entitlement details
- Loaded All Assemblies, in  0.514 seconds
Refreshing native plugins compatible for Editor in 0.88 ms, found 4 plugins.
Native extension for WindowsStandalone target not found
Native extension for WebGL target not found
[Package Manager] Failed to launch server process. Reason: Unity was launched with the -noUpm command-line argument
[Package Manager] Unable to send message (not connected to server process).
[Package Manager] Cannot connect to Unity Package Manager local server
Mono: successfully reloaded assembly
- Finished resetting the current domain, in  0.647 seconds
Domain Reload Profiling: 1162ms
	BeginReloadAssembly (183ms)
		ExecutionOrderSort (0ms)
		DisableScriptedObjects (12ms)
		BackupInstance (0ms)
		ReleaseScriptingObjects (0ms)
		CreateAndSetChildDomain (53ms)
	RebuildCommonClasses (28ms)
	RebuildNativeTypeToScriptingClass (11ms)
	initialDomainReloadingComplete (22ms)
	LoadAllAssembliesAndSetupDomain (272ms)
		LoadAssemblies (241ms)
		RebuildTransferFunctionScriptingTraits (0ms)
		AnalyzeDomain (108ms)
			TypeCache.Refresh (5ms)
				TypeCache.ScanAssembly (0ms)
			BuildScriptInfoCaches (96ms)
			ResolveRequiredComponents (4ms)
	FinalizeReload (647ms)
		ReleaseScriptCaches (0ms)
		RebuildScriptCaches (0ms)
		SetupLoadedEditorAssemblies (543ms)
			LogAssemblyErrors (0ms)
			InitializePlatformSupportModulesInManaged (2ms)
			SetLoadedEditorAssemblies (3ms)
			BeforeProcessingInitializeOnLoad (109ms)
			ProcessInitializeOnLoadAttributes (379ms)
			ProcessInitializeOnLoadMethodAttributes (46ms)
			AfterProcessingInitializeOnLoad (5ms)
			EditorAssembliesLoaded (0ms)
		ExecutionOrderSort2 (0ms)
		AwakeInstancesAfterBackupRestoration (5ms)
Refreshing native plugins compatible for Editor in 0.80 ms, found 4 plugins.
Preloading 0 native plugins for Editor in 0.00 ms.
Unloading 0 Unused Serialized files (Serialized files now loaded: 0)
Unloading 5015 unused Assets / (1.2 MB). Loaded Objects now: 5739.
Memory consumption went from 105.1 MB to 103.9 MB.
Total: 6.496500 ms (FindLiveObjects: 0.505300 ms CreateObjectMapping: 0.174200 ms MarkObjects: 4.756200 ms  DeleteObjects: 1.060000 ms)

Prepare: number of updated asset objects reloaded= 0
========================================================================
Received Import Request.
  Time since last request: 65.555277 seconds.
  path: Assets/Prefabs/ElfMagus.prefab
  artifactKey: Guid(98253fde598dfec4fa7f332e6e11a4d2) Importer(815301076,1909f56bfc062723c751e8b465ee728b)
Start importing Assets/Prefabs/ElfMagus.prefab using Guid(98253fde598dfec4fa7f332e6e11a4d2) Importer(815301076,1909f56bfc062723c751e8b465ee728b) (PreviewImporter) -> (artifact id: 'ab7a1526c69dbe70e75070d3f6a789c6') in 0.056431 seconds
Number of updated asset objects reloaded before import = 0Number of asset objects unloaded after import = 13

========================================================================
Received Import Request.
  Time since last request: 13.745038 seconds.
  path: Assets/Prefabs/ElfMagus.prefab
  artifactKey: Guid(98253fde598dfec4fa7f332e6e11a4d2) Importer(815301076,1909f56bfc062723c751e8b465ee728b)
Start importing Assets/Prefabs/ElfMagus.prefab using Guid(98253fde598dfec4fa7f332e6e11a4d2) Importer(815301076,1909f56bfc062723c751e8b465ee728b) (PreviewImporter) -> (artifact id: '93644c47ccd6d28ffd5f28c59846ded3') in 0.0166292 seconds
Number of updated asset objects reloaded before import = 0Number of asset objects unloaded after import = 13

========================================================================
Received Prepare
Begin MonoManager ReloadAssembly
- Loaded All Assemblies, in  0.531 seconds
Refreshing native plugins compatible for Editor in 0.86 ms, found 4 plugins.
Native extension for WindowsStandalone target not found
Native extension for WebGL target not found
[Package Manager] Failed to launch server process. Reason: Unity was launched with the -noUpm command-line argument
[Package Manager] Unable to send message (not connected to server process).
[Package Manager] Cannot connect to Unity Package Manager local server
Mono: successfully reloaded assembly
- Finished resetting the current domain, in  0.695 seconds
Domain Reload Profiling: 1227ms
	BeginReloadAssembly (179ms)
		ExecutionOrderSort (0ms)
		DisableScriptedObjects (11ms)
		BackupInstance (0ms)
		ReleaseScriptingObjects (0ms)
		CreateAndSetChildDomain (54ms)
	RebuildCommonClasses (29ms)
	RebuildNativeTypeToScriptingClass (11ms)
	initialDomainReloadingComplete (22ms)
	LoadAllAssembliesAndSetupDomain (290ms)
		LoadAssemblies (247ms)
		RebuildTransferFunctionScriptingTraits (0ms)
		AnalyzeDomain (118ms)
			TypeCache.Refresh (5ms)
				TypeCache.ScanAssembly (0ms)
			BuildScriptInfoCaches (106ms)
			ResolveRequiredComponents (4ms)
	FinalizeReload (695ms)
		ReleaseScriptCaches (0ms)
		RebuildScriptCaches (0ms)
		SetupLoadedEditorAssemblies (583ms)
			LogAssemblyErrors (0ms)
			InitializePlatformSupportModulesInManaged (2ms)
			SetLoadedEditorAssemblies (3ms)
			BeforeProcessingInitializeOnLoad (121ms)
			ProcessInitializeOnLoadAttributes (397ms)
			ProcessInitializeOnLoadMethodAttributes (52ms)
			AfterProcessingInitializeOnLoad (7ms)
			EditorAssembliesLoaded (0ms)
		ExecutionOrderSort2 (0ms)
		AwakeInstancesAfterBackupRestoration (6ms)
Refreshing native plugins compatible for Editor in 0.91 ms, found 4 plugins.
Preloading 0 native plugins for Editor in 0.00 ms.
Unloading 0 Unused Serialized files (Serialized files now loaded: 0)
Unloading 5017 unused Assets / (1.2 MB). Loaded Objects now: 5742.
Memory consumption went from 105.1 MB to 103.9 MB.
Total: 6.724500 ms (FindLiveObjects: 0.544900 ms CreateObjectMapping: 0.312400 ms MarkObjects: 4.595300 ms  DeleteObjects: 1.271200 ms)

Prepare: number of updated asset objects reloaded= 0
========================================================================
Received Import Request.
  Time since last request: 7.178063 seconds.
  path: Assets/Prefabs/ElfMagus.prefab
  artifactKey: Guid(98253fde598dfec4fa7f332e6e11a4d2) Importer(815301076,1909f56bfc062723c751e8b465ee728b)
Start importing Assets/Prefabs/ElfMagus.prefab using Guid(98253fde598dfec4fa7f332e6e11a4d2) Importer(815301076,1909f56bfc062723c751e8b465ee728b) (PreviewImporter) -> (artifact id: '56adbc0c5144380f8d4d63c6157edcfb') in 0.0578403 seconds
Number of updated asset objects reloaded before import = 0Number of asset objects unloaded after import = 13

========================================================================
Received Import Request.
  Time since last request: 27.623528 seconds.
  path: Assets/Prefabs/ElfMagus.prefab
  artifactKey: Guid(98253fde598dfec4fa7f332e6e11a4d2) Importer(815301076,1909f56bfc062723c751e8b465ee728b)
Start importing Assets/Prefabs/ElfMagus.prefab using Guid(98253fde598dfec4fa7f332e6e11a4d2) Importer(815301076,1909f56bfc062723c751e8b465ee728b) (PreviewImporter) -> (artifact id: 'c557c2012349f690ee247e19ee0fa8d6') in 0.0063425 seconds
Number of updated asset objects reloaded before import = 0Number of asset objects unloaded after import = 13

========================================================================
Received Import Request.
  Time since last request: 1.810120 seconds.
  path: Assets/Prefabs/ElfMagus.prefab
  artifactKey: Guid(98253fde598dfec4fa7f332e6e11a4d2) Importer(815301076,1909f56bfc062723c751e8b465ee728b)
Start importing Assets/Prefabs/ElfMagus.prefab using Guid(98253fde598dfec4fa7f332e6e11a4d2) Importer(815301076,1909f56bfc062723c751e8b465ee728b) (PreviewImporter) -> (artifact id: '9db7a5884a1f67fe674c208cc23b5a9b') in 0.0065609 seconds
Number of updated asset objects reloaded before import = 0Number of asset objects unloaded after import = 13

========================================================================
Received Import Request.
  Time since last request: 2.949666 seconds.
  path: Assets/Prefabs/TorpBanyasz.prefab
  artifactKey: Guid(3f902f8f782dbf144baff59c492f10f4) Importer(815301076,1909f56bfc062723c751e8b465ee728b)
Start importing Assets/Prefabs/TorpBanyasz.prefab using Guid(3f902f8f782dbf144baff59c492f10f4) Importer(815301076,1909f56bfc062723c751e8b465ee728b) (PreviewImporter) -> (artifact id: 'f50c933d63d9be244c6d24f4c581db0e') in 0.0066206 seconds
Number of updated asset objects reloaded before import = 0Number of asset objects unloaded after import = 6

========================================================================
Received Prepare
Begin MonoManager ReloadAssembly
[Licensing::Client] Successfully resolved entitlement details
- Loaded All Assemblies, in  0.504 seconds
Refreshing native plugins compatible for Editor in 0.68 ms, found 4 plugins.
Native extension for WindowsStandalone target not found
Native extension for WebGL target not found
[Package Manager] Failed to launch server process. Reason: Unity was launched with the -noUpm command-line argument
[Package Manager] Unable to send message (not connected to server process).
[Package Manager] Cannot connect to Unity Package Manager local server
Mono: successfully reloaded assembly
- Finished resetting the current domain, in  0.655 seconds
Domain Reload Profiling: 1160ms
	BeginReloadAssembly (176ms)
		ExecutionOrderSort (0ms)
		DisableScriptedObjects (12ms)
		BackupInstance (0ms)
		ReleaseScriptingObjects (0ms)
		CreateAndSetChildDomain (49ms)
	RebuildCommonClasses (28ms)
	RebuildNativeTypeToScriptingClass (11ms)
	initialDomainReloadingComplete (22ms)
	LoadAllAssembliesAndSetupDomain (267ms)
		LoadAssemblies (231ms)
		RebuildTransferFunctionScriptingTraits (0ms)
		AnalyzeDomain (111ms)
			TypeCache.Refresh (5ms)
				TypeCache.ScanAssembly (0ms)
			BuildScriptInfoCaches (100ms)
			ResolveRequiredComponents (4ms)
	FinalizeReload (656ms)
		ReleaseScriptCaches (0ms)
		RebuildScriptCaches (0ms)
		SetupLoadedEditorAssemblies (557ms)
			LogAssemblyErrors (0ms)
			InitializePlatformSupportModulesInManaged (2ms)
			SetLoadedEditorAssemblies (2ms)
			BeforeProcessingInitializeOnLoad (110ms)
			ProcessInitializeOnLoadAttributes (389ms)
			ProcessInitializeOnLoadMethodAttributes (49ms)
			AfterProcessingInitializeOnLoad (5ms)
			EditorAssembliesLoaded (0ms)
		ExecutionOrderSort2 (0ms)
		AwakeInstancesAfterBackupRestoration (5ms)
Refreshing native plugins compatible for Editor in 0.86 ms, found 4 plugins.
Preloading 0 native plugins for Editor in 0.00 ms.
Unloading 0 Unused Serialized files (Serialized files now loaded: 0)
Unloading 5019 unused Assets / (1.2 MB). Loaded Objects now: 5745.
Memory consumption went from 105.2 MB to 104.0 MB.
Total: 7.102500 ms (FindLiveObjects: 0.502600 ms CreateObjectMapping: 0.373400 ms MarkObjects: 5.132600 ms  DeleteObjects: 1.093000 ms)

Prepare: number of updated asset objects reloaded= 0
========================================================================
Received Prepare
Begin MonoManager ReloadAssembly
[Licensing::Client] Successfully resolved entitlement details
- Loaded All Assemblies, in  0.521 seconds
Refreshing native plugins compatible for Editor in 0.61 ms, found 4 plugins.
Native extension for WindowsStandalone target not found
Native extension for WebGL target not found
[Package Manager] Failed to launch server process. Reason: Unity was launched with the -noUpm command-line argument
[Package Manager] Unable to send message (not connected to server process).
[Package Manager] Cannot connect to Unity Package Manager local server
Mono: successfully reloaded assembly
- Finished resetting the current domain, in  0.642 seconds
Domain Reload Profiling: 1163ms
	BeginReloadAssembly (184ms)
		ExecutionOrderSort (0ms)
		DisableScriptedObjects (17ms)
		BackupInstance (0ms)
		ReleaseScriptingObjects (0ms)
		CreateAndSetChildDomain (48ms)
	RebuildCommonClasses (32ms)
	RebuildNativeTypeToScriptingClass (11ms)
	initialDomainReloadingComplete (23ms)
	LoadAllAssembliesAndSetupDomain (271ms)
		LoadAssemblies (237ms)
		RebuildTransferFunctionScriptingTraits (0ms)
		AnalyzeDomain (110ms)
			TypeCache.Refresh (5ms)
				TypeCache.ScanAssembly (0ms)
			BuildScriptInfoCaches (98ms)
			ResolveRequiredComponents (4ms)
	FinalizeReload (642ms)
		ReleaseScriptCaches (0ms)
		RebuildScriptCaches (0ms)
		SetupLoadedEditorAssemblies (544ms)
			LogAssemblyErrors (0ms)
			InitializePlatformSupportModulesInManaged (2ms)
			SetLoadedEditorAssemblies (4ms)
			BeforeProcessingInitializeOnLoad (115ms)
			ProcessInitializeOnLoadAttributes (372ms)
			ProcessInitializeOnLoadMethodAttributes (47ms)
			AfterProcessingInitializeOnLoad (4ms)
			EditorAssembliesLoaded (0ms)
		ExecutionOrderSort2 (0ms)
		AwakeInstancesAfterBackupRestoration (5ms)
Refreshing native plugins compatible for Editor in 0.81 ms, found 4 plugins.
Preloading 0 native plugins for Editor in 0.00 ms.
Unloading 0 Unused Serialized files (Serialized files now loaded: 0)
Unloading 5015 unused Assets / (1.3 MB). Loaded Objects now: 5748.
Memory consumption went from 105.1 MB to 103.8 MB.
Total: 8.328200 ms (FindLiveObjects: 0.531200 ms CreateObjectMapping: 0.226800 ms MarkObjects: 6.349800 ms  DeleteObjects: 1.219400 ms)

Prepare: number of updated asset objects reloaded= 0
========================================================================
Received Import Request.
  Time since last request: 214.938306 seconds.
  path: Assets/Prefabs/ElfMagus.prefab
  artifactKey: Guid(98253fde598dfec4fa7f332e6e11a4d2) Importer(815301076,1909f56bfc062723c751e8b465ee728b)
Start importing Assets/Prefabs/ElfMagus.prefab using Guid(98253fde598dfec4fa7f332e6e11a4d2) Importer(815301076,1909f56bfc062723c751e8b465ee728b) (PreviewImporter) -> (artifact id: 'afa33453e5184feeecc23f8a4f635e67') in 0.0546284 seconds
Number of updated asset objects reloaded before import = 0Number of asset objects unloaded after import = 13

========================================================================
Received Prepare
Begin MonoManager ReloadAssembly
- Loaded All Assemblies, in  0.514 seconds
Refreshing native plugins compatible for Editor in 0.75 ms, found 4 plugins.
Native extension for WindowsStandalone target not found
Native extension for WebGL target not found
[Package Manager] Failed to launch server process. Reason: Unity was launched with the -noUpm command-line argument
[Package Manager] Unable to send message (not connected to server process).
[Package Manager] Cannot connect to Unity Package Manager local server
Mono: successfully reloaded assembly
- Finished resetting the current domain, in  0.645 seconds
Domain Reload Profiling: 1159ms
	BeginReloadAssembly (176ms)
		ExecutionOrderSort (0ms)
		DisableScriptedObjects (10ms)
		BackupInstance (0ms)
		ReleaseScriptingObjects (0ms)
		CreateAndSetChildDomain (49ms)
	RebuildCommonClasses (30ms)
	RebuildNativeTypeToScriptingClass (11ms)
	initialDomainReloadingComplete (23ms)
	LoadAllAssembliesAndSetupDomain (274ms)
		LoadAssemblies (237ms)
		RebuildTransferFunctionScriptingTraits (0ms)
		AnalyzeDomain (113ms)
			TypeCache.Refresh (5ms)
				TypeCache.ScanAssembly (0ms)
			BuildScriptInfoCaches (101ms)
			ResolveRequiredComponents (4ms)
	FinalizeReload (645ms)
		ReleaseScriptCaches (0ms)
		RebuildScriptCaches (0ms)
		SetupLoadedEditorAssemblies (544ms)
			LogAssemblyErrors (0ms)
			InitializePlatformSupportModulesInManaged (2ms)
			SetLoadedEditorAssemblies (3ms)
			BeforeProcessingInitializeOnLoad (115ms)
			ProcessInitializeOnLoadAttributes (367ms)
			ProcessInitializeOnLoadMethodAttributes (50ms)
			AfterProcessingInitializeOnLoad (8ms)
			EditorAssembliesLoaded (0ms)
		ExecutionOrderSort2 (0ms)
		AwakeInstancesAfterBackupRestoration (6ms)
Refreshing native plugins compatible for Editor in 0.85 ms, found 4 plugins.
Preloading 0 native plugins for Editor in 0.00 ms.
Unloading 0 Unused Serialized files (Serialized files now loaded: 0)
Unloading 5017 unused Assets / (1.2 MB). Loaded Objects now: 5751.
Memory consumption went from 105.2 MB to 103.9 MB.
Total: 6.874000 ms (FindLiveObjects: 0.507200 ms CreateObjectMapping: 0.378500 ms MarkObjects: 4.841700 ms  DeleteObjects: 1.145800 ms)

Prepare: number of updated asset objects reloaded= 0
========================================================================
Received Prepare
Refreshing native plugins compatible for Editor in 1.13 ms, found 4 plugins.
Preloading 0 native plugins for Editor in 0.00 ms.
Unloading 0 Unused Serialized files (Serialized files now loaded: 0)
Unloading 5005 unused Assets / (1.1 MB). Loaded Objects now: 5751.
Memory consumption went from 105.3 MB to 104.2 MB.
Total: 10.622200 ms (FindLiveObjects: 0.789700 ms CreateObjectMapping: 0.616700 ms MarkObjects: 8.025400 ms  DeleteObjects: 1.188800 ms)

Prepare: number of updated asset objects reloaded= 0
========================================================================
Received Import Request.
  Time since last request: 114.986587 seconds.
  path: Assets/Prefabs/ElfMagus.prefab
  artifactKey: Guid(98253fde598dfec4fa7f332e6e11a4d2) Importer(815301076,1909f56bfc062723c751e8b465ee728b)
Start importing Assets/Prefabs/ElfMagus.prefab using Guid(98253fde598dfec4fa7f332e6e11a4d2) Importer(815301076,1909f56bfc062723c751e8b465ee728b) (PreviewImporter) -> (artifact id: 'c48d7199861b60594a3eedd7a6b7eccd') in 0.0548947 seconds
Number of updated asset objects reloaded before import = 0Number of asset objects unloaded after import = 13

========================================================================
Received Prepare
Begin MonoManager ReloadAssembly
[Licensing::Client] Successfully resolved entitlement details
- Loaded All Assemblies, in  0.539 seconds
Refreshing native plugins compatible for Editor in 0.72 ms, found 4 plugins.
Native extension for WindowsStandalone target not found
Native extension for WebGL target not found
[Package Manager] Failed to launch server process. Reason: Unity was launched with the -noUpm command-line argument
[Package Manager] Unable to send message (not connected to server process).
[Package Manager] Cannot connect to Unity Package Manager local server
Mono: successfully reloaded assembly
- Finished resetting the current domain, in  0.648 seconds
Domain Reload Profiling: 1189ms
	BeginReloadAssembly (184ms)
		ExecutionOrderSort (0ms)
		DisableScriptedObjects (13ms)
		BackupInstance (0ms)
		ReleaseScriptingObjects (0ms)
		CreateAndSetChildDomain (53ms)
	RebuildCommonClasses (27ms)
	RebuildNativeTypeToScriptingClass (11ms)
	initialDomainReloadingComplete (21ms)
	LoadAllAssembliesAndSetupDomain (298ms)
		LoadAssemblies (238ms)
		RebuildTransferFunctionScriptingTraits (0ms)
		AnalyzeDomain (135ms)
			TypeCache.Refresh (9ms)
				TypeCache.ScanAssembly (1ms)
			BuildScriptInfoCaches (120ms)
			ResolveRequiredComponents (4ms)
	FinalizeReload (648ms)
		ReleaseScriptCaches (0ms)
		RebuildScriptCaches (0ms)
		SetupLoadedEditorAssemblies (545ms)
			LogAssemblyErrors (0ms)
			InitializePlatformSupportModulesInManaged (2ms)
			SetLoadedEditorAssemblies (3ms)
			BeforeProcessingInitializeOnLoad (115ms)
			ProcessInitializeOnLoadAttributes (373ms)
			ProcessInitializeOnLoadMethodAttributes (47ms)
			AfterProcessingInitializeOnLoad (5ms)
			EditorAssembliesLoaded (0ms)
		ExecutionOrderSort2 (0ms)
		AwakeInstancesAfterBackupRestoration (6ms)
Refreshing native plugins compatible for Editor in 0.89 ms, found 4 plugins.
Preloading 0 native plugins for Editor in 0.00 ms.
Unloading 0 Unused Serialized files (Serialized files now loaded: 0)
Unloading 5017 unused Assets / (1.4 MB). Loaded Objects now: 5754.
Memory consumption went from 105.2 MB to 103.8 MB.
Total: 7.669100 ms (FindLiveObjects: 0.508100 ms CreateObjectMapping: 0.193000 ms MarkObjects: 5.725900 ms  DeleteObjects: 1.241000 ms)

Prepare: number of updated asset objects reloaded= 0
========================================================================
Received Prepare
Begin MonoManager ReloadAssembly
- Loaded All Assemblies, in  0.498 seconds
Refreshing native plugins compatible for Editor in 0.69 ms, found 4 plugins.
Native extension for WindowsStandalone target not found
Native extension for WebGL target not found
[Package Manager] Failed to launch server process. Reason: Unity was launched with the -noUpm command-line argument
[Package Manager] Unable to send message (not connected to server process).
[Package Manager] Cannot connect to Unity Package Manager local server
Mono: successfully reloaded assembly
- Finished resetting the current domain, in  0.651 seconds
Domain Reload Profiling: 1150ms
	BeginReloadAssembly (166ms)
		ExecutionOrderSort (0ms)
		DisableScriptedObjects (11ms)
		BackupInstance (0ms)
		ReleaseScriptingObjects (0ms)
		CreateAndSetChildDomain (48ms)
	RebuildCommonClasses (33ms)
	RebuildNativeTypeToScriptingClass (11ms)
	initialDomainReloadingComplete (21ms)
	LoadAllAssembliesAndSetupDomain (269ms)
		LoadAssemblies (226ms)
		RebuildTransferFunctionScriptingTraits (0ms)
		AnalyzeDomain (109ms)
			TypeCache.Refresh (5ms)
				TypeCache.ScanAssembly (0ms)
			BuildScriptInfoCaches (98ms)
			ResolveRequiredComponents (4ms)
	FinalizeReload (651ms)
		ReleaseScriptCaches (0ms)
		RebuildScriptCaches (0ms)
		SetupLoadedEditorAssemblies (540ms)
			LogAssemblyErrors (0ms)
			InitializePlatformSupportModulesInManaged (2ms)
			SetLoadedEditorAssemblies (2ms)
			BeforeProcessingInitializeOnLoad (113ms)
			ProcessInitializeOnLoadAttributes (364ms)
			ProcessInitializeOnLoadMethodAttributes (53ms)
			AfterProcessingInitializeOnLoad (6ms)
			EditorAssembliesLoaded (0ms)
		ExecutionOrderSort2 (0ms)
		AwakeInstancesAfterBackupRestoration (7ms)
Refreshing native plugins compatible for Editor in 0.77 ms, found 4 plugins.
Preloading 0 native plugins for Editor in 0.00 ms.
Unloading 0 Unused Serialized files (Serialized files now loaded: 0)
Unloading 5015 unused Assets / (1.0 MB). Loaded Objects now: 5757.
Memory consumption went from 105.2 MB to 104.1 MB.
Total: 6.451600 ms (FindLiveObjects: 0.504500 ms CreateObjectMapping: 0.175300 ms MarkObjects: 4.878200 ms  DeleteObjects: 0.892600 ms)

Prepare: number of updated asset objects reloaded= 0
========================================================================
Received Import Request.
  Time since last request: 241.817558 seconds.
  path: Assets/Prefabs/TorpBanyasz.prefab
  artifactKey: Guid(3f902f8f782dbf144baff59c492f10f4) Importer(2089858483,b0f066a214c2f5e87bad3c948f4d605d)
Start importing Assets/Prefabs/TorpBanyasz.prefab using Guid(3f902f8f782dbf144baff59c492f10f4) Importer(2089858483,b0f066a214c2f5e87bad3c948f4d605d) (ScriptedImporter) -> (artifact id: 'e938cf4c90a1d7f5779619018e835efe') in 0.1332873 seconds
Number of updated asset objects reloaded before import = 0Number of asset objects unloaded after import = 6

========================================================================
Received Import Request.
  Time since last request: 0.000018 seconds.
  path: Assets/Scripts/GridManager.cs
  artifactKey: Guid(16eb122fd47020a49add74550af3024e) Importer(2089858483,b0f066a214c2f5e87bad3c948f4d605d)
Start importing Assets/Scripts/GridManager.cs using Guid(16eb122fd47020a49add74550af3024e) Importer(2089858483,b0f066a214c2f5e87bad3c948f4d605d) (ScriptedImporter) -> (artifact id: 'e3844a50cf319a2b171bec8a6a3d7d0b') in 0.0143479 seconds
Number of updated asset objects reloaded before import = 0Number of asset objects unloaded after import = 0

========================================================================
Received Prepare
Refreshing native plugins compatible for Editor in 0.96 ms, found 4 plugins.
Preloading 0 native plugins for Editor in 0.00 ms.
Unloading 0 Unused Serialized files (Serialized files now loaded: 0)
Unloading 5008 unused Assets / (1.4 MB). Loaded Objects now: 5758.
Memory consumption went from 105.4 MB to 104.0 MB.
Total: 8.558100 ms (FindLiveObjects: 0.589200 ms CreateObjectMapping: 0.451800 ms MarkObjects: 6.161700 ms  DeleteObjects: 1.354100 ms)

Prepare: number of updated asset objects reloaded= 0
========================================================================
Received Import Request.
  Time since last request: 3.429869 seconds.
  path: Assets/Scripts/EletEro.cs
  artifactKey: Guid(80124e548399d3349a610cb14832ddd1) Importer(815301076,1909f56bfc062723c751e8b465ee728b)
Start importing Assets/Scripts/EletEro.cs using Guid(80124e548399d3349a610cb14832ddd1) Importer(815301076,1909f56bfc062723c751e8b465ee728b) (PreviewImporter) -> (artifact id: 'b51da74114808dbac611734759fb12c3') in 0.0012825 seconds
Number of updated asset objects reloaded before import = 0Number of asset objects unloaded after import = 0

========================================================================
Received Import Request.
  Time since last request: 0.774471 seconds.
  path: Assets/Scripts/EletEro.cs
  artifactKey: Guid(80124e548399d3349a610cb14832ddd1) Importer(2089858483,b0f066a214c2f5e87bad3c948f4d605d)
Start importing Assets/Scripts/EletEro.cs using Guid(80124e548399d3349a610cb14832ddd1) Importer(2089858483,b0f066a214c2f5e87bad3c948f4d605d) (ScriptedImporter) -> (artifact id: '025f8116c6a84d766a4d3c6e90575efd') in 0.0153248 seconds
Number of updated asset objects reloaded before import = 0Number of asset objects unloaded after import = 0

========================================================================
Received Prepare
Begin MonoManager ReloadAssembly
[Licensing::Client] Successfully resolved entitlement details
- Loaded All Assemblies, in  0.561 seconds
Refreshing native plugins compatible for Editor in 0.72 ms, found 4 plugins.
Native extension for WindowsStandalone target not found
Native extension for WebGL target not found
[Package Manager] Failed to launch server process. Reason: Unity was launched with the -noUpm command-line argument
[Package Manager] Unable to send message (not connected to server process).
[Package Manager] Cannot connect to Unity Package Manager local server
Mono: successfully reloaded assembly
- Finished resetting the current domain, in  0.718 seconds
Domain Reload Profiling: 1279ms
	BeginReloadAssembly (197ms)
		ExecutionOrderSort (0ms)
		DisableScriptedObjects (11ms)
		BackupInstance (0ms)
		ReleaseScriptingObjects (0ms)
		CreateAndSetChildDomain (54ms)
	RebuildCommonClasses (30ms)
	RebuildNativeTypeToScriptingClass (11ms)
	initialDomainReloadingComplete (22ms)
	LoadAllAssembliesAndSetupDomain (301ms)
		LoadAssemblies (275ms)
		RebuildTransferFunctionScriptingTraits (0ms)
		AnalyzeDomain (118ms)
			TypeCache.Refresh (7ms)
				TypeCache.ScanAssembly (1ms)
			BuildScriptInfoCaches (104ms)
			ResolveRequiredComponents (4ms)
	FinalizeReload (718ms)
		ReleaseScriptCaches (0ms)
		RebuildScriptCaches (0ms)
		SetupLoadedEditorAssemblies (604ms)
			LogAssemblyErrors (0ms)
			InitializePlatformSupportModulesInManaged (3ms)
			SetLoadedEditorAssemblies (3ms)
			BeforeProcessingInitializeOnLoad (139ms)
			ProcessInitializeOnLoadAttributes (402ms)
			ProcessInitializeOnLoadMethodAttributes (52ms)
			AfterProcessingInitializeOnLoad (5ms)
			EditorAssembliesLoaded (0ms)
		ExecutionOrderSort2 (0ms)
		AwakeInstancesAfterBackupRestoration (6ms)
Refreshing native plugins compatible for Editor in 0.84 ms, found 4 plugins.
Preloading 0 native plugins for Editor in 0.00 ms.
Unloading 0 Unused Serialized files (Serialized files now loaded: 0)
Unloading 5016 unused Assets / (1.2 MB). Loaded Objects now: 5761.
Memory consumption went from 105.2 MB to 104.0 MB.
Total: 7.507200 ms (FindLiveObjects: 0.556800 ms CreateObjectMapping: 0.446300 ms MarkObjects: 5.448700 ms  DeleteObjects: 1.054600 ms)

Prepare: number of updated asset objects reloaded= 0
========================================================================
Received Import Request.
  Time since last request: 74.523684 seconds.
  path: Assets/Prefabs/TorpBanyasz.prefab
  artifactKey: Guid(3f902f8f782dbf144baff59c492f10f4) Importer(815301076,1909f56bfc062723c751e8b465ee728b)
Start importing Assets/Prefabs/TorpBanyasz.prefab using Guid(3f902f8f782dbf144baff59c492f10f4) Importer(815301076,1909f56bfc062723c751e8b465ee728b) (PreviewImporter) -> (artifact id: 'f6b5d31ddfa96230462ae7d6e34191e5') in 0.0533196 seconds
Number of updated asset objects reloaded before import = 0Number of asset objects unloaded after import = 7

========================================================================
Received Import Request.
  Time since last request: 2.229646 seconds.
  path: Packages/com.unity.2d.sprite/Editor/ObjectMenuCreation/DefaultAssets/Textures/v2/Triangle.png
  artifactKey: Guid(75f5f34dc1b5347e0b8351032682f224) Importer(815301076,1909f56bfc062723c751e8b465ee728b)
Start importing Packages/com.unity.2d.sprite/Editor/ObjectMenuCreation/DefaultAssets/Textures/v2/Triangle.png using Guid(75f5f34dc1b5347e0b8351032682f224) Importer(815301076,1909f56bfc062723c751e8b465ee728b) (PreviewImporter) -> (artifact id: 'b723763a7372a376513da1ae327e497b') in 0.0234551 seconds
Number of updated asset objects reloaded before import = 0Number of asset objects unloaded after import = 3

========================================================================
Received Import Request.
  Time since last request: 18.270976 seconds.
  path: Assets/Prefabs/ElfMagus.prefab
  artifactKey: Guid(98253fde598dfec4fa7f332e6e11a4d2) Importer(815301076,1909f56bfc062723c751e8b465ee728b)
Start importing Assets/Prefabs/ElfMagus.prefab using Guid(98253fde598dfec4fa7f332e6e11a4d2) Importer(815301076,1909f56bfc062723c751e8b465ee728b) (PreviewImporter) -> (artifact id: 'b5537510b75525f1ac9cf8719f282bc1') in 0.0066596 seconds
Number of updated asset objects reloaded before import = 0Number of asset objects unloaded after import = 14

========================================================================
Received Import Request.
  Time since last request: 3.375294 seconds.
  path: Assets/Prefabs/TorpBanyasz.prefab
  artifactKey: Guid(3f902f8f782dbf144baff59c492f10f4) Importer(815301076,1909f56bfc062723c751e8b465ee728b)
Start importing Assets/Prefabs/TorpBanyasz.prefab using Guid(3f902f8f782dbf144baff59c492f10f4) Importer(815301076,1909f56bfc062723c751e8b465ee728b) (PreviewImporter) -> (artifact id: '7e7df95f81d8a21794ed4224554e41d8') in 0.0055266 seconds
Number of updated asset objects reloaded before import = 0Number of asset objects unloaded after import = 7

========================================================================
Received Import Request.
  Time since last request: 0.186373 seconds.
  path: Assets/Prefabs/TorpBanyasz.prefab
  artifactKey: Guid(3f902f8f782dbf144baff59c492f10f4) Importer(815301076,1909f56bfc062723c751e8b465ee728b)
Start importing Assets/Prefabs/TorpBanyasz.prefab using Guid(3f902f8f782dbf144baff59c492f10f4) Importer(815301076,1909f56bfc062723c751e8b465ee728b) (PreviewImporter) -> (artifact id: '38f9ba9b0650d0de9c713fd939df9e82') in 0.0057176 seconds
Number of updated asset objects reloaded before import = 0Number of asset objects unloaded after import = 7

========================================================================
Received Import Request.
  Time since last request: 167.856191 seconds.
  path: ProjectSettings/TagManager.asset
  artifactKey: Guid(00000000000000003000000000000000) Importer(815301076,1909f56bfc062723c751e8b465ee728b)
Start importing ProjectSettings/TagManager.asset using Guid(00000000000000003000000000000000) Importer(815301076,1909f56bfc062723c751e8b465ee728b) (PreviewImporter) -> (artifact id: 'be09f2ddbe212c56907233aba085a71d') in 0.0013634 seconds
Number of updated asset objects reloaded before import = 0Number of asset objects unloaded after import = 0

========================================================================
Received Import Request.
  Time since last request: 46.872789 seconds.
  path: Assets/Scripts/EletEro.cs
  artifactKey: Guid(80124e548399d3349a610cb14832ddd1) Importer(2089858483,b0f066a214c2f5e87bad3c948f4d605d)
Start importing Assets/Scripts/EletEro.cs using Guid(80124e548399d3349a610cb14832ddd1) Importer(2089858483,b0f066a214c2f5e87bad3c948f4d605d) (ScriptedImporter) -> (artifact id: '3ef9dce5283bd79251043efb83af8270') in 0.0570591 seconds
Number of updated asset objects reloaded before import = 0Number of asset objects unloaded after import = 0

========================================================================
Received Import Request.
  Time since last request: 0.000063 seconds.
  path: Assets/Prefabs/ElfMagus.prefab
  artifactKey: Guid(98253fde598dfec4fa7f332e6e11a4d2) Importer(2089858483,b0f066a214c2f5e87bad3c948f4d605d)
Start importing Assets/Prefabs/ElfMagus.prefab using Guid(98253fde598dfec4fa7f332e6e11a4d2) Importer(2089858483,b0f066a214c2f5e87bad3c948f4d605d) (ScriptedImporter) -> (artifact id: 'd5ae481447f905b646e577afddc46256') in 0.0581961 seconds
Number of updated asset objects reloaded before import = 0Number of asset objects unloaded after import = 14

========================================================================
Received Prepare
Refreshing native plugins compatible for Editor in 0.85 ms, found 4 plugins.
Preloading 0 native plugins for Editor in 0.00 ms.
Unloading 0 Unused Serialized files (Serialized files now loaded: 0)
Unloading 5012 unused Assets / (1.4 MB). Loaded Objects now: 5763.
Memory consumption went from 105.5 MB to 104.1 MB.
Total: 8.347200 ms (FindLiveObjects: 0.518400 ms CreateObjectMapping: 0.206800 ms MarkObjects: 6.245800 ms  DeleteObjects: 1.374900 ms)

Prepare: number of updated asset objects reloaded= 0
========================================================================
Received Import Request.
  Time since last request: 4.340178 seconds.
  path: Assets/Scripts/EnemyMozgas.cs
  artifactKey: Guid(6d8ca43bf0b80864a98e0f5edb2b048c) Importer(815301076,1909f56bfc062723c751e8b465ee728b)
Start importing Assets/Scripts/EnemyMozgas.cs using Guid(6d8ca43bf0b80864a98e0f5edb2b048c) Importer(815301076,1909f56bfc062723c751e8b465ee728b) (PreviewImporter) -> (artifact id: '4669636e6544ee18b1cb11e1547382d2') in 0.0012519 seconds
Number of updated asset objects reloaded before import = 0Number of asset objects unloaded after import = 0

========================================================================
Received Import Request.
  Time since last request: 0.779788 seconds.
  path: Assets/Scripts/EnemyMozgas.cs
  artifactKey: Guid(6d8ca43bf0b80864a98e0f5edb2b048c) Importer(2089858483,b0f066a214c2f5e87bad3c948f4d605d)
Start importing Assets/Scripts/EnemyMozgas.cs using Guid(6d8ca43bf0b80864a98e0f5edb2b048c) Importer(2089858483,b0f066a214c2f5e87bad3c948f4d605d) (ScriptedImporter) -> (artifact id: '53d177d1bf7fbd2f7e3b75d676229ebc') in 0.0143192 seconds
Number of updated asset objects reloaded before import = 0Number of asset objects unloaded after import = 0

========================================================================
Received Prepare
Begin MonoManager ReloadAssembly
[Licensing::Client] Successfully resolved entitlement details
- Loaded All Assemblies, in  0.540 seconds
Refreshing native plugins compatible for Editor in 0.63 ms, found 4 plugins.
Native extension for WindowsStandalone target not found
Native extension for WebGL target not found
[Package Manager] Failed to launch server process. Reason: Unity was launched with the -noUpm command-line argument
[Package Manager] Unable to send message (not connected to server process).
[Package Manager] Cannot connect to Unity Package Manager local server
Mono: successfully reloaded assembly
- Finished resetting the current domain, in  0.661 seconds
Domain Reload Profiling: 1202ms
	BeginReloadAssembly (185ms)
		ExecutionOrderSort (0ms)
		DisableScriptedObjects (13ms)
		BackupInstance (0ms)
		ReleaseScriptingObjects (0ms)
		CreateAndSetChildDomain (56ms)
	RebuildCommonClasses (29ms)
	RebuildNativeTypeToScriptingClass (11ms)
	initialDomainReloadingComplete (23ms)
	LoadAllAssembliesAndSetupDomain (293ms)
		LoadAssemblies (247ms)
		RebuildTransferFunctionScriptingTraits (0ms)
		AnalyzeDomain (122ms)
			TypeCache.Refresh (9ms)
				TypeCache.ScanAssembly (1ms)
			BuildScriptInfoCaches (107ms)
			ResolveRequiredComponents (4ms)
	FinalizeReload (661ms)
		ReleaseScriptCaches (0ms)
		RebuildScriptCaches (0ms)
		SetupLoadedEditorAssemblies (555ms)
			LogAssemblyErrors (0ms)
			InitializePlatformSupportModulesInManaged (2ms)
			SetLoadedEditorAssemblies (3ms)
			BeforeProcessingInitializeOnLoad (120ms)
			ProcessInitializeOnLoadAttributes (379ms)
			ProcessInitializeOnLoadMethodAttributes (45ms)
			AfterProcessingInitializeOnLoad (5ms)
			EditorAssembliesLoaded (0ms)
		ExecutionOrderSort2 (0ms)
		AwakeInstancesAfterBackupRestoration (5ms)
Refreshing native plugins compatible for Editor in 0.88 ms, found 4 plugins.
Preloading 0 native plugins for Editor in 0.00 ms.
Unloading 0 Unused Serialized files (Serialized files now loaded: 0)
Unloading 5017 unused Assets / (1.3 MB). Loaded Objects now: 5765.
Memory consumption went from 105.2 MB to 103.9 MB.
Total: 7.837800 ms (FindLiveObjects: 0.550400 ms CreateObjectMapping: 0.353600 ms MarkObjects: 5.652400 ms  DeleteObjects: 1.279900 ms)

Prepare: number of updated asset objects reloaded= 0
========================================================================
Received Prepare
Refreshing native plugins compatible for Editor in 0.72 ms, found 4 plugins.
Preloading 0 native plugins for Editor in 0.00 ms.
Unloading 0 Unused Serialized files (Serialized files now loaded: 0)
Unloading 5007 unused Assets / (1.1 MB). Loaded Objects now: 5765.
Memory consumption went from 105.3 MB to 104.2 MB.
Total: 6.641400 ms (FindLiveObjects: 0.526900 ms CreateObjectMapping: 0.219100 ms MarkObjects: 4.874700 ms  DeleteObjects: 1.020100 ms)

Prepare: number of updated asset objects reloaded= 0
========================================================================
Received Import Request.
  Time since last request: 14.745269 seconds.
  path: Assets/Scripts/EllensegMozgas.cs
  artifactKey: Guid(6d8ca43bf0b80864a98e0f5edb2b048c) Importer(815301076,1909f56bfc062723c751e8b465ee728b)
Start importing Assets/Scripts/EllensegMozgas.cs using Guid(6d8ca43bf0b80864a98e0f5edb2b048c) Importer(815301076,1909f56bfc062723c751e8b465ee728b) (PreviewImporter) -> (artifact id: 'c4e2db558165a323950de7729333cd93') in 0.0028954 seconds
Number of updated asset objects reloaded before import = 0Number of asset objects unloaded after import = 0

========================================================================
Received Import Request.
  Time since last request: 0.837241 seconds.
  path: Assets/Scripts/EllensegMozgas.cs
  artifactKey: Guid(6d8ca43bf0b80864a98e0f5edb2b048c) Importer(2089858483,b0f066a214c2f5e87bad3c948f4d605d)
Start importing Assets/Scripts/EllensegMozgas.cs using Guid(6d8ca43bf0b80864a98e0f5edb2b048c) Importer(2089858483,b0f066a214c2f5e87bad3c948f4d605d) (ScriptedImporter) -> (artifact id: 'ce7a5f420b95b0f938e40badbff48483') in 0.0624097 seconds
Number of updated asset objects reloaded before import = 0Number of asset objects unloaded after import = 0

========================================================================
Received Prepare
Refreshing native plugins compatible for Editor in 0.97 ms, found 4 plugins.
Preloading 0 native plugins for Editor in 0.00 ms.
Unloading 0 Unused Serialized files (Serialized files now loaded: 0)
Unloading 5008 unused Assets / (1.3 MB). Loaded Objects now: 5766.
Memory consumption went from 105.3 MB to 104.0 MB.
Total: 8.817300 ms (FindLiveObjects: 0.627700 ms CreateObjectMapping: 0.554600 ms MarkObjects: 6.309100 ms  DeleteObjects: 1.324600 ms)

Prepare: number of updated asset objects reloaded= 0
========================================================================
Received Import Request.
  Time since last request: 21.652764 seconds.
  path: Assets/Scripts/EnemyMozgas.cs
  artifactKey: Guid(929c7f41bec2f2e48a1c5dc815f7319d) Importer(2089858483,b0f066a214c2f5e87bad3c948f4d605d)
Start importing Assets/Scripts/EnemyMozgas.cs using Guid(929c7f41bec2f2e48a1c5dc815f7319d) Importer(2089858483,b0f066a214c2f5e87bad3c948f4d605d) (ScriptedImporter) -> (artifact id: 'bd1d787f7b9c9a725034745886877fdd') in 0.0201396 seconds
Number of updated asset objects reloaded before import = 0Number of asset objects unloaded after import = 0

========================================================================
Received Import Request.
  Time since last request: 1.275150 seconds.
  path: Assets/Scripts/EnemyMozgas.cs
  artifactKey: Guid(929c7f41bec2f2e48a1c5dc815f7319d) Importer(815301076,1909f56bfc062723c751e8b465ee728b)
Start importing Assets/Scripts/EnemyMozgas.cs using Guid(929c7f41bec2f2e48a1c5dc815f7319d) Importer(815301076,1909f56bfc062723c751e8b465ee728b) (PreviewImporter) -> (artifact id: '777861bd63d46a59f0cf5e294eb6004a') in 0.0004776 seconds
Number of updated asset objects reloaded before import = 0Number of asset objects unloaded after import = 0

========================================================================
Received Prepare
Refreshing native plugins compatible for Editor in 0.72 ms, found 4 plugins.
Preloading 0 native plugins for Editor in 0.00 ms.
Unloading 0 Unused Serialized files (Serialized files now loaded: 0)
Unloading 5007 unused Assets / (1.2 MB). Loaded Objects now: 5765.
Memory consumption went from 105.3 MB to 104.1 MB.
Total: 7.863000 ms (FindLiveObjects: 0.546700 ms CreateObjectMapping: 0.214700 ms MarkObjects: 5.689200 ms  DeleteObjects: 1.410600 ms)

Prepare: number of updated asset objects reloaded= 0
========================================================================
Received Prepare
Begin MonoManager ReloadAssembly
- Loaded All Assemblies, in  0.589 seconds
Refreshing native plugins compatible for Editor in 0.64 ms, found 4 plugins.
Native extension for WindowsStandalone target not found
Native extension for WebGL target not found
[Package Manager] Failed to launch server process. Reason: Unity was launched with the -noUpm command-line argument
[Package Manager] Unable to send message (not connected to server process).
[Package Manager] Cannot connect to Unity Package Manager local server
Mono: successfully reloaded assembly
- Finished resetting the current domain, in  0.674 seconds
Domain Reload Profiling: 1264ms
	BeginReloadAssembly (228ms)
		ExecutionOrderSort (0ms)
		DisableScriptedObjects (10ms)
		BackupInstance (0ms)
		ReleaseScriptingObjects (0ms)
		CreateAndSetChildDomain (95ms)
	RebuildCommonClasses (29ms)
	RebuildNativeTypeToScriptingClass (11ms)
	initialDomainReloadingComplete (29ms)
	LoadAllAssembliesAndSetupDomain (292ms)
		LoadAssemblies (256ms)
		RebuildTransferFunctionScriptingTraits (0ms)
		AnalyzeDomain (120ms)
			TypeCache.Refresh (7ms)
				TypeCache.ScanAssembly (1ms)
			BuildScriptInfoCaches (106ms)
			ResolveRequiredComponents (4ms)
	FinalizeReload (675ms)
		ReleaseScriptCaches (0ms)
		RebuildScriptCaches (0ms)
		SetupLoadedEditorAssemblies (557ms)
			LogAssemblyErrors (0ms)
			InitializePlatformSupportModulesInManaged (3ms)
			SetLoadedEditorAssemblies (3ms)
			BeforeProcessingInitializeOnLoad (122ms)
			ProcessInitializeOnLoadAttributes (383ms)
			ProcessInitializeOnLoadMethodAttributes (41ms)
			AfterProcessingInitializeOnLoad (5ms)
			EditorAssembliesLoaded (0ms)
		ExecutionOrderSort2 (0ms)
		AwakeInstancesAfterBackupRestoration (5ms)
Refreshing native plugins compatible for Editor in 0.87 ms, found 4 plugins.
Preloading 0 native plugins for Editor in 0.00 ms.
Unloading 0 Unused Serialized files (Serialized files now loaded: 0)
Unloading 5017 unused Assets / (1.4 MB). Loaded Objects now: 5768.
Memory consumption went from 105.2 MB to 103.8 MB.
Total: 6.947900 ms (FindLiveObjects: 0.517500 ms CreateObjectMapping: 0.199100 ms MarkObjects: 4.921300 ms  DeleteObjects: 1.309000 ms)

Prepare: number of updated asset objects reloaded= 0
========================================================================
Received Import Request.
  Time since last request: 36.803977 seconds.
  path: Assets/Prefabs/Goblin.prefab
  artifactKey: Guid(c4c06eb28e7eaae4b8387930062b657a) Importer(815301076,1909f56bfc062723c751e8b465ee728b)
Start importing Assets/Prefabs/Goblin.prefab using Guid(c4c06eb28e7eaae4b8387930062b657a) Importer(815301076,1909f56bfc062723c751e8b465ee728b) (PreviewImporter) -> (artifact id: 'c262b837639f4c5c11494b269b4a7e56') in 0.0671786 seconds
Number of updated asset objects reloaded before import = 0Number of asset objects unloaded after import = 11

========================================================================
Received Import Request.
  Time since last request: 27.239434 seconds.
  path: Assets/Prefabs/Goblin.prefab
  artifactKey: Guid(c4c06eb28e7eaae4b8387930062b657a) Importer(2089858483,b0f066a214c2f5e87bad3c948f4d605d)
Start importing Assets/Prefabs/Goblin.prefab using Guid(c4c06eb28e7eaae4b8387930062b657a) Importer(2089858483,b0f066a214c2f5e87bad3c948f4d605d) (ScriptedImporter) -> (artifact id: 'b318d9242e28aac46e8ccc403b980a05') in 0.1005171 seconds
Number of updated asset objects reloaded before import = 0Number of asset objects unloaded after import = 11

========================================================================
Received Prepare
Refreshing native plugins compatible for Editor in 0.95 ms, found 4 plugins.
Preloading 0 native plugins for Editor in 0.00 ms.
Unloading 0 Unused Serialized files (Serialized files now loaded: 0)
Unloading 5008 unused Assets / (1.1 MB). Loaded Objects now: 5770.
Memory consumption went from 105.5 MB to 104.3 MB.
Total: 7.431200 ms (FindLiveObjects: 0.542600 ms CreateObjectMapping: 0.204800 ms MarkObjects: 5.623900 ms  DeleteObjects: 1.058900 ms)

Prepare: number of updated asset objects reloaded= 0
========================================================================
Received Import Request.
  Time since last request: 4.967281 seconds.
  path: Assets/Scripts/Spawner.cs
  artifactKey: Guid(d94a3aa3e32a7294bb21295db58b1824) Importer(815301076,1909f56bfc062723c751e8b465ee728b)
Start importing Assets/Scripts/Spawner.cs using Guid(d94a3aa3e32a7294bb21295db58b1824) Importer(815301076,1909f56bfc062723c751e8b465ee728b) (PreviewImporter) -> (artifact id: 'ef503af8825c740c083ef88b26f9d609') in 0.0011778 seconds
Number of updated asset objects reloaded before import = 0Number of asset objects unloaded after import = 0

========================================================================
Received Import Request.
  Time since last request: 1.033155 seconds.
  path: Assets/Scripts/Spawner.cs
  artifactKey: Guid(d94a3aa3e32a7294bb21295db58b1824) Importer(2089858483,b0f066a214c2f5e87bad3c948f4d605d)
Start importing Assets/Scripts/Spawner.cs using Guid(d94a3aa3e32a7294bb21295db58b1824) Importer(2089858483,b0f066a214c2f5e87bad3c948f4d605d) (ScriptedImporter) -> (artifact id: '90ca0d5ddb2e86c8ceca0a58394fc7d8') in 0.0163124 seconds
Number of updated asset objects reloaded before import = 0Number of asset objects unloaded after import = 0

========================================================================
Received Prepare
Begin MonoManager ReloadAssembly
[Licensing::Client] Successfully resolved entitlement details
- Loaded All Assemblies, in  0.717 seconds
Refreshing native plugins compatible for Editor in 1.18 ms, found 4 plugins.
Native extension for WindowsStandalone target not found
Native extension for WebGL target not found
[Package Manager] Failed to launch server process. Reason: Unity was launched with the -noUpm command-line argument
[Package Manager] Unable to send message (not connected to server process).
[Package Manager] Cannot connect to Unity Package Manager local server
Mono: successfully reloaded assembly
- Finished resetting the current domain, in  0.896 seconds
Domain Reload Profiling: 1614ms
	BeginReloadAssembly (248ms)
		ExecutionOrderSort (0ms)
		DisableScriptedObjects (16ms)
		BackupInstance (0ms)
		ReleaseScriptingObjects (0ms)
		CreateAndSetChildDomain (71ms)
	RebuildCommonClasses (45ms)
	RebuildNativeTypeToScriptingClass (15ms)
	initialDomainReloadingComplete (30ms)
	LoadAllAssembliesAndSetupDomain (378ms)
		LoadAssemblies (323ms)
		RebuildTransferFunctionScriptingTraits (0ms)
		AnalyzeDomain (160ms)
			TypeCache.Refresh (8ms)
				TypeCache.ScanAssembly (1ms)
			BuildScriptInfoCaches (145ms)
			ResolveRequiredComponents (4ms)
	FinalizeReload (897ms)
		ReleaseScriptCaches (0ms)
		RebuildScriptCaches (0ms)
		SetupLoadedEditorAssemblies (743ms)
			LogAssemblyErrors (0ms)
			InitializePlatformSupportModulesInManaged (3ms)
			SetLoadedEditorAssemblies (4ms)
			BeforeProcessingInitializeOnLoad (184ms)
			ProcessInitializeOnLoadAttributes (491ms)
			ProcessInitializeOnLoadMethodAttributes (57ms)
			AfterProcessingInitializeOnLoad (5ms)
			EditorAssembliesLoaded (0ms)
		ExecutionOrderSort2 (0ms)
		AwakeInstancesAfterBackupRestoration (7ms)
Refreshing native plugins compatible for Editor in 0.85 ms, found 4 plugins.
Preloading 0 native plugins for Editor in 0.00 ms.
Unloading 0 Unused Serialized files (Serialized files now loaded: 0)
Unloading 5018 unused Assets / (1.1 MB). Loaded Objects now: 5772.
Memory consumption went from 105.2 MB to 104.1 MB.
Total: 6.952700 ms (FindLiveObjects: 0.551300 ms CreateObjectMapping: 0.202600 ms MarkObjects: 4.999500 ms  DeleteObjects: 1.197900 ms)

Prepare: number of updated asset objects reloaded= 0
========================================================================
Received Prepare
Begin MonoManager ReloadAssembly
- Loaded All Assemblies, in  0.527 seconds
Refreshing native plugins compatible for Editor in 0.89 ms, found 4 plugins.
Native extension for WindowsStandalone target not found
Native extension for WebGL target not found
[Package Manager] Failed to launch server process. Reason: Unity was launched with the -noUpm command-line argument
[Package Manager] Unable to send message (not connected to server process).
[Package Manager] Cannot connect to Unity Package Manager local server
Mono: successfully reloaded assembly
- Finished resetting the current domain, in  0.686 seconds
Domain Reload Profiling: 1214ms
	BeginReloadAssembly (172ms)
		ExecutionOrderSort (0ms)
		DisableScriptedObjects (10ms)
		BackupInstance (0ms)
		ReleaseScriptingObjects (0ms)
		CreateAndSetChildDomain (51ms)
	RebuildCommonClasses (28ms)
	RebuildNativeTypeToScriptingClass (11ms)
	initialDomainReloadingComplete (22ms)
	LoadAllAssembliesAndSetupDomain (294ms)
		LoadAssemblies (235ms)
		RebuildTransferFunctionScriptingTraits (0ms)
		AnalyzeDomain (131ms)
			TypeCache.Refresh (8ms)
				TypeCache.ScanAssembly (1ms)
			BuildScriptInfoCaches (115ms)
			ResolveRequiredComponents (5ms)
	FinalizeReload (687ms)
		ReleaseScriptCaches (0ms)
		RebuildScriptCaches (0ms)
		SetupLoadedEditorAssemblies (578ms)
			LogAssemblyErrors (0ms)
			InitializePlatformSupportModulesInManaged (2ms)
			SetLoadedEditorAssemblies (3ms)
			BeforeProcessingInitializeOnLoad (126ms)
			ProcessInitializeOnLoadAttributes (393ms)
			ProcessInitializeOnLoadMethodAttributes (49ms)
			AfterProcessingInitializeOnLoad (5ms)
			EditorAssembliesLoaded (0ms)
		ExecutionOrderSort2 (0ms)
		AwakeInstancesAfterBackupRestoration (5ms)
Refreshing native plugins compatible for Editor in 0.71 ms, found 4 plugins.
Preloading 0 native plugins for Editor in 0.00 ms.
Unloading 0 Unused Serialized files (Serialized files now loaded: 0)
Unloading 5018 unused Assets / (1.2 MB). Loaded Objects now: 5775.
Memory consumption went from 105.2 MB to 104.0 MB.
Total: 8.368200 ms (FindLiveObjects: 0.520900 ms CreateObjectMapping: 0.197800 ms MarkObjects: 6.079900 ms  DeleteObjects: 1.568300 ms)

Prepare: number of updated asset objects reloaded= 0
========================================================================
Received Import Request.
  Time since last request: 47.567583 seconds.
  path: Assets/Prefabs/Goblin.prefab
  artifactKey: Guid(c4c06eb28e7eaae4b8387930062b657a) Importer(815301076,1909f56bfc062723c751e8b465ee728b)
Start importing Assets/Prefabs/Goblin.prefab using Guid(c4c06eb28e7eaae4b8387930062b657a) Importer(815301076,1909f56bfc062723c751e8b465ee728b) (PreviewImporter) -> (artifact id: '68c2ed815d316762ba6ed669d342f521') in 0.0505407 seconds
Number of updated asset objects reloaded before import = 0Number of asset objects unloaded after import = 11

========================================================================
Received Import Request.
  Time since last request: 3.827277 seconds.
  path: Assets/Prefabs/Goblin.prefab
  artifactKey: Guid(c4c06eb28e7eaae4b8387930062b657a) Importer(815301076,1909f56bfc062723c751e8b465ee728b)
Start importing Assets/Prefabs/Goblin.prefab using Guid(c4c06eb28e7eaae4b8387930062b657a) Importer(815301076,1909f56bfc062723c751e8b465ee728b) (PreviewImporter) -> (artifact id: 'fc2d93bbbfe82e1b2b5eeb6f03aa9f4d') in 0.0064413 seconds
Number of updated asset objects reloaded before import = 0Number of asset objects unloaded after import = 11

========================================================================
Received Prepare
Begin MonoManager ReloadAssembly
[Licensing::Client] Successfully resolved entitlement details
- Loaded All Assemblies, in  0.542 seconds
Refreshing native plugins compatible for Editor in 0.63 ms, found 4 plugins.
Native extension for WindowsStandalone target not found
Native extension for WebGL target not found
[Package Manager] Failed to launch server process. Reason: Unity was launched with the -noUpm command-line argument
[Package Manager] Unable to send message (not connected to server process).
[Package Manager] Cannot connect to Unity Package Manager local server
Mono: successfully reloaded assembly
- Finished resetting the current domain, in  0.670 seconds
Domain Reload Profiling: 1213ms
	BeginReloadAssembly (185ms)
		ExecutionOrderSort (0ms)
		DisableScriptedObjects (12ms)
		BackupInstance (0ms)
		ReleaseScriptingObjects (0ms)
		CreateAndSetChildDomain (52ms)
	RebuildCommonClasses (27ms)
	RebuildNativeTypeToScriptingClass (11ms)
	initialDomainReloadingComplete (21ms)
	LoadAllAssembliesAndSetupDomain (297ms)
		LoadAssemblies (258ms)
		RebuildTransferFunctionScriptingTraits (0ms)
		AnalyzeDomain (118ms)
			TypeCache.Refresh (5ms)
				TypeCache.ScanAssembly (0ms)
			BuildScriptInfoCaches (107ms)
			ResolveRequiredComponents (4ms)
	FinalizeReload (670ms)
		ReleaseScriptCaches (0ms)
		RebuildScriptCaches (0ms)
		SetupLoadedEditorAssemblies (564ms)
			LogAssemblyErrors (0ms)
			InitializePlatformSupportModulesInManaged (2ms)
			SetLoadedEditorAssemblies (3ms)
			BeforeProcessingInitializeOnLoad (118ms)
			ProcessInitializeOnLoadAttributes (390ms)
			ProcessInitializeOnLoadMethodAttributes (46ms)
			AfterProcessingInitializeOnLoad (5ms)
			EditorAssembliesLoaded (0ms)
		ExecutionOrderSort2 (0ms)
		AwakeInstancesAfterBackupRestoration (6ms)
Refreshing native plugins compatible for Editor in 0.92 ms, found 4 plugins.
Preloading 0 native plugins for Editor in 0.00 ms.
Unloading 0 Unused Serialized files (Serialized files now loaded: 0)
Unloading 5018 unused Assets / (1.3 MB). Loaded Objects now: 5778.
Memory consumption went from 105.2 MB to 103.9 MB.
Total: 7.684300 ms (FindLiveObjects: 0.593100 ms CreateObjectMapping: 0.294200 ms MarkObjects: 5.518600 ms  DeleteObjects: 1.276900 ms)

Prepare: number of updated asset objects reloaded= 0
========================================================================
Received Prepare
Begin MonoManager ReloadAssembly
[Licensing::Client] Successfully resolved entitlement details
- Loaded All Assemblies, in  0.509 seconds
Refreshing native plugins compatible for Editor in 0.59 ms, found 4 plugins.
Native extension for WindowsStandalone target not found
Native extension for WebGL target not found
[Package Manager] Failed to launch server process. Reason: Unity was launched with the -noUpm command-line argument
[Package Manager] Unable to send message (not connected to server process).
[Package Manager] Cannot connect to Unity Package Manager local server
Mono: successfully reloaded assembly
- Finished resetting the current domain, in  0.677 seconds
Domain Reload Profiling: 1187ms
	BeginReloadAssembly (173ms)
		ExecutionOrderSort (0ms)
		DisableScriptedObjects (12ms)
		BackupInstance (0ms)
		ReleaseScriptingObjects (0ms)
		CreateAndSetChildDomain (44ms)
	RebuildCommonClasses (29ms)
	RebuildNativeTypeToScriptingClass (11ms)
	initialDomainReloadingComplete (26ms)
	LoadAllAssembliesAndSetupDomain (271ms)
		LoadAssemblies (232ms)
		RebuildTransferFunctionScriptingTraits (0ms)
		AnalyzeDomain (115ms)
			TypeCache.Refresh (5ms)
				TypeCache.ScanAssembly (0ms)
			BuildScriptInfoCaches (103ms)
			ResolveRequiredComponents (4ms)
	FinalizeReload (677ms)
		ReleaseScriptCaches (0ms)
		RebuildScriptCaches (0ms)
		SetupLoadedEditorAssemblies (563ms)
			LogAssemblyErrors (0ms)
			InitializePlatformSupportModulesInManaged (2ms)
			SetLoadedEditorAssemblies (3ms)
			BeforeProcessingInitializeOnLoad (122ms)
			ProcessInitializeOnLoadAttributes (380ms)
			ProcessInitializeOnLoadMethodAttributes (49ms)
			AfterProcessingInitializeOnLoad (7ms)
			EditorAssembliesLoaded (0ms)
		ExecutionOrderSort2 (0ms)
		AwakeInstancesAfterBackupRestoration (7ms)
Refreshing native plugins compatible for Editor in 0.74 ms, found 4 plugins.
Preloading 0 native plugins for Editor in 0.00 ms.
Unloading 0 Unused Serialized files (Serialized files now loaded: 0)
Unloading 5018 unused Assets / (0.9 MB). Loaded Objects now: 5781.
Memory consumption went from 105.3 MB to 104.3 MB.
Total: 6.019300 ms (FindLiveObjects: 0.500000 ms CreateObjectMapping: 0.172400 ms MarkObjects: 4.559000 ms  DeleteObjects: 0.786800 ms)

Prepare: number of updated asset objects reloaded= 0
========================================================================
Received Import Request.
  Time since last request: 406.283977 seconds.
  path: Assets/Prefabs/Goblin.prefab
  artifactKey: Guid(c4c06eb28e7eaae4b8387930062b657a) Importer(815301076,1909f56bfc062723c751e8b465ee728b)
Start importing Assets/Prefabs/Goblin.prefab using Guid(c4c06eb28e7eaae4b8387930062b657a) Importer(815301076,1909f56bfc062723c751e8b465ee728b) (PreviewImporter) -> (artifact id: '0af2c5c24015abe1cb41754062e674e8') in 0.0528951 seconds
Number of updated asset objects reloaded before import = 0Number of asset objects unloaded after import = 11

========================================================================
Received Prepare
Begin MonoManager ReloadAssembly
[Licensing::Client] Successfully resolved entitlement details
- Loaded All Assemblies, in  0.501 seconds
Refreshing native plugins compatible for Editor in 0.74 ms, found 4 plugins.
Native extension for WindowsStandalone target not found
Native extension for WebGL target not found
[Package Manager] Failed to launch server process. Reason: Unity was launched with the -noUpm command-line argument
[Package Manager] Unable to send message (not connected to server process).
[Package Manager] Cannot connect to Unity Package Manager local server
Mono: successfully reloaded assembly
- Finished resetting the current domain, in  0.677 seconds
Domain Reload Profiling: 1178ms
	BeginReloadAssembly (171ms)
		ExecutionOrderSort (0ms)
		DisableScriptedObjects (13ms)
		BackupInstance (0ms)
		ReleaseScriptingObjects (0ms)
		CreateAndSetChildDomain (47ms)
	RebuildCommonClasses (27ms)
	RebuildNativeTypeToScriptingClass (11ms)
	initialDomainReloadingComplete (24ms)
	LoadAllAssembliesAndSetupDomain (268ms)
		LoadAssemblies (228ms)
		RebuildTransferFunctionScriptingTraits (0ms)
		AnalyzeDomain (110ms)
			TypeCache.Refresh (5ms)
				TypeCache.ScanAssembly (0ms)
			BuildScriptInfoCaches (98ms)
			ResolveRequiredComponents (4ms)
	FinalizeReload (677ms)
		ReleaseScriptCaches (0ms)
		RebuildScriptCaches (0ms)
		SetupLoadedEditorAssemblies (557ms)
			LogAssemblyErrors (0ms)
			InitializePlatformSupportModulesInManaged (2ms)
			SetLoadedEditorAssemblies (3ms)
			BeforeProcessingInitializeOnLoad (117ms)
			ProcessInitializeOnLoadAttributes (380ms)
			ProcessInitializeOnLoadMethodAttributes (50ms)
			AfterProcessingInitializeOnLoad (5ms)
			EditorAssembliesLoaded (0ms)
		ExecutionOrderSort2 (0ms)
		AwakeInstancesAfterBackupRestoration (6ms)
Refreshing native plugins compatible for Editor in 0.85 ms, found 4 plugins.
Preloading 0 native plugins for Editor in 0.00 ms.
Unloading 0 Unused Serialized files (Serialized files now loaded: 0)
Unloading 5018 unused Assets / (1.0 MB). Loaded Objects now: 5784.
Memory consumption went from 105.3 MB to 104.3 MB.
Total: 6.787700 ms (FindLiveObjects: 0.522500 ms CreateObjectMapping: 0.193300 ms MarkObjects: 5.150400 ms  DeleteObjects: 0.920300 ms)

Prepare: number of updated asset objects reloaded= 0
========================================================================
Received Import Request.
  Time since last request: 29.335811 seconds.
  path: Assets/Prefabs/Goblin.prefab
  artifactKey: Guid(c4c06eb28e7eaae4b8387930062b657a) Importer(815301076,1909f56bfc062723c751e8b465ee728b)
Start importing Assets/Prefabs/Goblin.prefab using Guid(c4c06eb28e7eaae4b8387930062b657a) Importer(815301076,1909f56bfc062723c751e8b465ee728b) (PreviewImporter) -> (artifact id: '2e33dceaedd3ace2c9de09a01dee18eb') in 0.0498999 seconds
Number of updated asset objects reloaded before import = 0Number of asset objects unloaded after import = 11

========================================================================
Received Import Request.
  Time since last request: 12.549270 seconds.
  path: Assets/Prefabs/Goblin.prefab
  artifactKey: Guid(c4c06eb28e7eaae4b8387930062b657a) Importer(815301076,1909f56bfc062723c751e8b465ee728b)
Start importing Assets/Prefabs/Goblin.prefab using Guid(c4c06eb28e7eaae4b8387930062b657a) Importer(815301076,1909f56bfc062723c751e8b465ee728b) (PreviewImporter) -> (artifact id: '041ff874bbcd8f3d735832862fadbb70') in 0.0064415 seconds
Number of updated asset objects reloaded before import = 0Number of asset objects unloaded after import = 11

========================================================================
Received Import Request.
  Time since last request: 5.875023 seconds.
  path: Assets/Prefabs/Goblin.prefab
  artifactKey: Guid(c4c06eb28e7eaae4b8387930062b657a) Importer(815301076,1909f56bfc062723c751e8b465ee728b)
Start importing Assets/Prefabs/Goblin.prefab using Guid(c4c06eb28e7eaae4b8387930062b657a) Importer(815301076,1909f56bfc062723c751e8b465ee728b) (PreviewImporter) -> (artifact id: 'c68efbfd260b80f467e513abc661aa4b') in 0.0063024 seconds
Number of updated asset objects reloaded before import = 0Number of asset objects unloaded after import = 11

========================================================================
Received Import Request.
  Time since last request: 0.999430 seconds.
  path: Assets/Prefabs/Goblin.prefab
  artifactKey: Guid(c4c06eb28e7eaae4b8387930062b657a) Importer(815301076,1909f56bfc062723c751e8b465ee728b)
Start importing Assets/Prefabs/Goblin.prefab using Guid(c4c06eb28e7eaae4b8387930062b657a) Importer(815301076,1909f56bfc062723c751e8b465ee728b) (PreviewImporter) -> (artifact id: '489acfb2ab036cbe7e42be4918b5e59c') in 0.0063809 seconds
Number of updated asset objects reloaded before import = 0Number of asset objects unloaded after import = 11

========================================================================
Received Import Request.
  Time since last request: 0.195683 seconds.
  path: Assets/Prefabs/Goblin.prefab
  artifactKey: Guid(c4c06eb28e7eaae4b8387930062b657a) Importer(815301076,1909f56bfc062723c751e8b465ee728b)
Start importing Assets/Prefabs/Goblin.prefab using Guid(c4c06eb28e7eaae4b8387930062b657a) Importer(815301076,1909f56bfc062723c751e8b465ee728b) (PreviewImporter) -> (artifact id: '56f1a21f39a7976e9d406c1cae7f8e38') in 0.0062423 seconds
Number of updated asset objects reloaded before import = 0Number of asset objects unloaded after import = 11

========================================================================
Received Import Request.
  Time since last request: 448.145553 seconds.
  path: Assets/Prefabs/Lovedek.prefab
  artifactKey: Guid(a3b8ba83026623644a794746a7b4a850) Importer(815301076,1909f56bfc062723c751e8b465ee728b)
Start importing Assets/Prefabs/Lovedek.prefab using Guid(a3b8ba83026623644a794746a7b4a850) Importer(815301076,1909f56bfc062723c751e8b465ee728b) (PreviewImporter) -> (artifact id: 'ebf34d0fb4c951ae1d28f144413b78ef') in 0.0084733 seconds
Number of updated asset objects reloaded before import = 0Number of asset objects unloaded after import = 7

========================================================================
Received Import Request.
  Time since last request: 0.011695 seconds.
  path: Assets/Prefabs/ElfMagus.prefab
  artifactKey: Guid(98253fde598dfec4fa7f332e6e11a4d2) Importer(815301076,1909f56bfc062723c751e8b465ee728b)
Start importing Assets/Prefabs/ElfMagus.prefab using Guid(98253fde598dfec4fa7f332e6e11a4d2) Importer(815301076,1909f56bfc062723c751e8b465ee728b) (PreviewImporter) -> (artifact id: 'f95ecad8efab7c240d5cbbd9f00405b2') in 0.0062132 seconds
Number of updated asset objects reloaded before import = 0Number of asset objects unloaded after import = 15

========================================================================
Received Import Request.
  Time since last request: 15.440593 seconds.
  path: Assets/Prefabs/Lovedek.prefab
  artifactKey: Guid(a3b8ba83026623644a794746a7b4a850) Importer(815301076,1909f56bfc062723c751e8b465ee728b)
Start importing Assets/Prefabs/Lovedek.prefab using Guid(a3b8ba83026623644a794746a7b4a850) Importer(815301076,1909f56bfc062723c751e8b465ee728b) (PreviewImporter) -> (artifact id: 'ed6bfe83338f02d9de67fd6c26b13d30') in 0.0053583 seconds
Number of updated asset objects reloaded before import = 0Number of asset objects unloaded after import = 7

========================================================================
Received Import Request.
  Time since last request: 0.013722 seconds.
  path: Assets/Prefabs/ElfMagus.prefab
  artifactKey: Guid(98253fde598dfec4fa7f332e6e11a4d2) Importer(815301076,1909f56bfc062723c751e8b465ee728b)
Start importing Assets/Prefabs/ElfMagus.prefab using Guid(98253fde598dfec4fa7f332e6e11a4d2) Importer(815301076,1909f56bfc062723c751e8b465ee728b) (PreviewImporter) -> (artifact id: '0ca1aa4d76df3fa8fe28261a72a69a29') in 0.0059537 seconds
Number of updated asset objects reloaded before import = 0Number of asset objects unloaded after import = 15

========================================================================
Received Import Request.
  Time since last request: 44.243908 seconds.
  path: Assets/Prefabs/ElfMagus.prefab
  artifactKey: Guid(98253fde598dfec4fa7f332e6e11a4d2) Importer(815301076,1909f56bfc062723c751e8b465ee728b)
Start importing Assets/Prefabs/ElfMagus.prefab using Guid(98253fde598dfec4fa7f332e6e11a4d2) Importer(815301076,1909f56bfc062723c751e8b465ee728b) (PreviewImporter) -> (artifact id: 'd598e80720d9227b40883c45ea7c48f6') in 0.0084775 seconds
Number of updated asset objects reloaded before import = 0Number of asset objects unloaded after import = 15

========================================================================
Received Import Request.
  Time since last request: 31.988271 seconds.
  path: Assets/Prefabs/Lovedek.prefab
  artifactKey: Guid(a3b8ba83026623644a794746a7b4a850) Importer(815301076,1909f56bfc062723c751e8b465ee728b)
Start importing Assets/Prefabs/Lovedek.prefab using Guid(a3b8ba83026623644a794746a7b4a850) Importer(815301076,1909f56bfc062723c751e8b465ee728b) (PreviewImporter) -> (artifact id: '5a34585e8b618484339aa6f68b3b7dc7') in 0.0074073 seconds
Number of updated asset objects reloaded before import = 0Number of asset objects unloaded after import = 8

========================================================================
Received Import Request.
  Time since last request: 0.013772 seconds.
  path: Assets/Prefabs/ElfMagus.prefab
  artifactKey: Guid(98253fde598dfec4fa7f332e6e11a4d2) Importer(815301076,1909f56bfc062723c751e8b465ee728b)
Start importing Assets/Prefabs/ElfMagus.prefab using Guid(98253fde598dfec4fa7f332e6e11a4d2) Importer(815301076,1909f56bfc062723c751e8b465ee728b) (PreviewImporter) -> (artifact id: '9c42a47ba3bd3c7b21a9d3edf676a012') in 0.0063559 seconds
Number of updated asset objects reloaded before import = 0Number of asset objects unloaded after import = 16

========================================================================
Received Import Request.
  Time since last request: 4.793228 seconds.
  path: Assets/Prefabs/Lovedek.prefab
  artifactKey: Guid(a3b8ba83026623644a794746a7b4a850) Importer(815301076,1909f56bfc062723c751e8b465ee728b)
Start importing Assets/Prefabs/Lovedek.prefab using Guid(a3b8ba83026623644a794746a7b4a850) Importer(815301076,1909f56bfc062723c751e8b465ee728b) (PreviewImporter) -> (artifact id: '8ae5876fa56e55275dbf2e3c665e5b58') in 0.0058925 seconds
Number of updated asset objects reloaded before import = 0Number of asset objects unloaded after import = 8

========================================================================
Received Import Request.
  Time since last request: 0.013650 seconds.
  path: Assets/Prefabs/ElfMagus.prefab
  artifactKey: Guid(98253fde598dfec4fa7f332e6e11a4d2) Importer(815301076,1909f56bfc062723c751e8b465ee728b)
Start importing Assets/Prefabs/ElfMagus.prefab using Guid(98253fde598dfec4fa7f332e6e11a4d2) Importer(815301076,1909f56bfc062723c751e8b465ee728b) (PreviewImporter) -> (artifact id: '4c0528de2fee522beb53bbbf1279c1c0') in 0.012861 seconds
Number of updated asset objects reloaded before import = 0Number of asset objects unloaded after import = 16

========================================================================
Received Prepare
Begin MonoManager ReloadAssembly
[Licensing::Client] Successfully resolved entitlement details
- Loaded All Assemblies, in  0.648 seconds
Refreshing native plugins compatible for Editor in 0.69 ms, found 4 plugins.
Native extension for WindowsStandalone target not found
Native extension for WebGL target not found
[Package Manager] Failed to launch server process. Reason: Unity was launched with the -noUpm command-line argument
[Package Manager] Unable to send message (not connected to server process).
[Package Manager] Cannot connect to Unity Package Manager local server
Mono: successfully reloaded assembly
- Finished resetting the current domain, in  0.711 seconds
Domain Reload Profiling: 1360ms
	BeginReloadAssembly (217ms)
		ExecutionOrderSort (0ms)
		DisableScriptedObjects (14ms)
		BackupInstance (0ms)
		ReleaseScriptingObjects (0ms)
		CreateAndSetChildDomain (54ms)
	RebuildCommonClasses (34ms)
	RebuildNativeTypeToScriptingClass (12ms)
	initialDomainReloadingComplete (28ms)
	LoadAllAssembliesAndSetupDomain (357ms)
		LoadAssemblies (316ms)
		RebuildTransferFunctionScriptingTraits (0ms)
		AnalyzeDomain (138ms)
			TypeCache.Refresh (7ms)
				TypeCache.ScanAssembly (1ms)
			BuildScriptInfoCaches (122ms)
			ResolveRequiredComponents (5ms)
	FinalizeReload (711ms)
		ReleaseScriptCaches (0ms)
		RebuildScriptCaches (0ms)
		SetupLoadedEditorAssemblies (600ms)
			LogAssemblyErrors (0ms)
			InitializePlatformSupportModulesInManaged (2ms)
			SetLoadedEditorAssemblies (4ms)
			BeforeProcessingInitializeOnLoad (127ms)
			ProcessInitializeOnLoadAttributes (412ms)
			ProcessInitializeOnLoadMethodAttributes (49ms)
			AfterProcessingInitializeOnLoad (5ms)
			EditorAssembliesLoaded (0ms)
		ExecutionOrderSort2 (0ms)
		AwakeInstancesAfterBackupRestoration (6ms)
Refreshing native plugins compatible for Editor in 0.84 ms, found 4 plugins.
Preloading 0 native plugins for Editor in 0.00 ms.
Unloading 0 Unused Serialized files (Serialized files now loaded: 0)
Unloading 5020 unused Assets / (1.4 MB). Loaded Objects now: 5787.
Memory consumption went from 105.3 MB to 103.9 MB.
Total: 7.536500 ms (FindLiveObjects: 0.509500 ms CreateObjectMapping: 0.184700 ms MarkObjects: 5.506200 ms  DeleteObjects: 1.334900 ms)

Prepare: number of updated asset objects reloaded= 0
========================================================================
Received Import Request.
  Time since last request: 55.299767 seconds.
  path: Assets/Prefabs/Lovedek.prefab
  artifactKey: Guid(a3b8ba83026623644a794746a7b4a850) Importer(815301076,1909f56bfc062723c751e8b465ee728b)
Start importing Assets/Prefabs/Lovedek.prefab using Guid(a3b8ba83026623644a794746a7b4a850) Importer(815301076,1909f56bfc062723c751e8b465ee728b) (PreviewImporter) -> (artifact id: '7610daaf1d7d036315c98acfe0c428bc') in 0.0528259 seconds
Number of updated asset objects reloaded before import = 0Number of asset objects unloaded after import = 8

========================================================================
Received Prepare
Begin MonoManager ReloadAssembly
- Loaded All Assemblies, in  0.527 seconds
Refreshing native plugins compatible for Editor in 0.81 ms, found 4 plugins.
Native extension for WindowsStandalone target not found
Native extension for WebGL target not found
[Package Manager] Failed to launch server process. Reason: Unity was launched with the -noUpm command-line argument
[Package Manager] Unable to send message (not connected to server process).
[Package Manager] Cannot connect to Unity Package Manager local server
Mono: successfully reloaded assembly
- Finished resetting the current domain, in  0.689 seconds
Domain Reload Profiling: 1216ms
	BeginReloadAssembly (179ms)
		ExecutionOrderSort (0ms)
		DisableScriptedObjects (10ms)
		BackupInstance (0ms)
		ReleaseScriptingObjects (0ms)
		CreateAndSetChildDomain (52ms)
	RebuildCommonClasses (29ms)
	RebuildNativeTypeToScriptingClass (11ms)
	initialDomainReloadingComplete (22ms)
	LoadAllAssembliesAndSetupDomain (286ms)
		LoadAssemblies (240ms)
		RebuildTransferFunctionScriptingTraits (0ms)
		AnalyzeDomain (118ms)
			TypeCache.Refresh (5ms)
				TypeCache.ScanAssembly (0ms)
			BuildScriptInfoCaches (106ms)
			ResolveRequiredComponents (4ms)
	FinalizeReload (689ms)
		ReleaseScriptCaches (0ms)
		RebuildScriptCaches (0ms)
		SetupLoadedEditorAssemblies (578ms)
			LogAssemblyErrors (0ms)
			InitializePlatformSupportModulesInManaged (2ms)
			SetLoadedEditorAssemblies (5ms)
			BeforeProcessingInitializeOnLoad (130ms)
			ProcessInitializeOnLoadAttributes (383ms)
			ProcessInitializeOnLoadMethodAttributes (52ms)
			AfterProcessingInitializeOnLoad (5ms)
			EditorAssembliesLoaded (0ms)
		ExecutionOrderSort2 (0ms)
		AwakeInstancesAfterBackupRestoration (6ms)
Refreshing native plugins compatible for Editor in 0.75 ms, found 4 plugins.
Preloading 0 native plugins for Editor in 0.00 ms.
Unloading 0 Unused Serialized files (Serialized files now loaded: 0)
Unloading 5020 unused Assets / (1.3 MB). Loaded Objects now: 5790.
Memory consumption went from 105.3 MB to 104.1 MB.
Total: 7.057500 ms (FindLiveObjects: 0.528400 ms CreateObjectMapping: 0.209700 ms MarkObjects: 5.143400 ms  DeleteObjects: 1.175000 ms)

Prepare: number of updated asset objects reloaded= 0
========================================================================
Received Import Request.
  Time since last request: 79.498162 seconds.
  path: Assets/Prefabs/ElfMagus.prefab
  artifactKey: Guid(98253fde598dfec4fa7f332e6e11a4d2) Importer(815301076,1909f56bfc062723c751e8b465ee728b)
Start importing Assets/Prefabs/ElfMagus.prefab using Guid(98253fde598dfec4fa7f332e6e11a4d2) Importer(815301076,1909f56bfc062723c751e8b465ee728b) (PreviewImporter) -> (artifact id: '7e17b8846e625f6be43a3acf4c1fed74') in 0.0562118 seconds
Number of updated asset objects reloaded before import = 0Number of asset objects unloaded after import = 16

========================================================================
Received Import Request.
  Time since last request: 3.354266 seconds.
  path: Assets/Prefabs/Goblin.prefab
  artifactKey: Guid(c4c06eb28e7eaae4b8387930062b657a) Importer(815301076,1909f56bfc062723c751e8b465ee728b)
Start importing Assets/Prefabs/Goblin.prefab using Guid(c4c06eb28e7eaae4b8387930062b657a) Importer(815301076,1909f56bfc062723c751e8b465ee728b) (PreviewImporter) -> (artifact id: '4d853b326f730a8b8b4612f285b93790') in 0.0069922 seconds
Number of updated asset objects reloaded before import = 0Number of asset objects unloaded after import = 11

========================================================================
Received Prepare
Begin MonoManager ReloadAssembly
[Licensing::Client] Successfully resolved entitlement details
- Loaded All Assemblies, in  0.545 seconds
Refreshing native plugins compatible for Editor in 0.70 ms, found 4 plugins.
Native extension for WindowsStandalone target not found
Native extension for WebGL target not found
[Package Manager] Failed to launch server process. Reason: Unity was launched with the -noUpm command-line argument
[Package Manager] Unable to send message (not connected to server process).
[Package Manager] Cannot connect to Unity Package Manager local server
Mono: successfully reloaded assembly
- Finished resetting the current domain, in  0.677 seconds
Domain Reload Profiling: 1222ms
	BeginReloadAssembly (180ms)
		ExecutionOrderSort (0ms)
		DisableScriptedObjects (11ms)
		BackupInstance (0ms)
		ReleaseScriptingObjects (0ms)
		CreateAndSetChildDomain (49ms)
	RebuildCommonClasses (29ms)
	RebuildNativeTypeToScriptingClass (12ms)
	initialDomainReloadingComplete (22ms)
	LoadAllAssembliesAndSetupDomain (303ms)
		LoadAssemblies (257ms)
		RebuildTransferFunctionScriptingTraits (0ms)
		AnalyzeDomain (123ms)
			TypeCache.Refresh (6ms)
				TypeCache.ScanAssembly (0ms)
			BuildScriptInfoCaches (109ms)
			ResolveRequiredComponents (6ms)
	FinalizeReload (677ms)
		ReleaseScriptCaches (0ms)
		RebuildScriptCaches (0ms)
		SetupLoadedEditorAssemblies (570ms)
			LogAssemblyErrors (0ms)
			InitializePlatformSupportModulesInManaged (2ms)
			SetLoadedEditorAssemblies (4ms)
			BeforeProcessingInitializeOnLoad (118ms)
			ProcessInitializeOnLoadAttributes (390ms)
			ProcessInitializeOnLoadMethodAttributes (49ms)
			AfterProcessingInitializeOnLoad (6ms)
			EditorAssembliesLoaded (0ms)
		ExecutionOrderSort2 (0ms)
		AwakeInstancesAfterBackupRestoration (7ms)
Refreshing native plugins compatible for Editor in 0.74 ms, found 4 plugins.
Preloading 0 native plugins for Editor in 0.00 ms.
Unloading 0 Unused Serialized files (Serialized files now loaded: 0)
Unloading 5020 unused Assets / (1.5 MB). Loaded Objects now: 5793.
Memory consumption went from 105.3 MB to 103.8 MB.
Total: 6.821000 ms (FindLiveObjects: 0.504100 ms CreateObjectMapping: 0.174300 ms MarkObjects: 4.679400 ms  DeleteObjects: 1.462200 ms)

Prepare: number of updated asset objects reloaded= 0
========================================================================
Received Import Request.
  Time since last request: 41.943309 seconds.
  path: Assets/Prefabs/TorpBanyasz.prefab
  artifactKey: Guid(3f902f8f782dbf144baff59c492f10f4) Importer(815301076,1909f56bfc062723c751e8b465ee728b)
Start importing Assets/Prefabs/TorpBanyasz.prefab using Guid(3f902f8f782dbf144baff59c492f10f4) Importer(815301076,1909f56bfc062723c751e8b465ee728b) (PreviewImporter) -> (artifact id: '0ff5e6e0ea9b7455339d0f9c360bba8e') in 0.0542466 seconds
Number of updated asset objects reloaded before import = 0Number of asset objects unloaded after import = 7

========================================================================
Received Import Request.
  Time since last request: 0.283779 seconds.
  path: Assets/Prefabs/TorpBanyasz.prefab
  artifactKey: Guid(3f902f8f782dbf144baff59c492f10f4) Importer(815301076,1909f56bfc062723c751e8b465ee728b)
Start importing Assets/Prefabs/TorpBanyasz.prefab using Guid(3f902f8f782dbf144baff59c492f10f4) Importer(815301076,1909f56bfc062723c751e8b465ee728b) (PreviewImporter) -> (artifact id: '50a573a702f6a05fa58268f11b4d0148') in 0.0055915 seconds
Number of updated asset objects reloaded before import = 0Number of asset objects unloaded after import = 7

========================================================================
Received Import Request.
  Time since last request: 1.201904 seconds.
  path: Assets/Prefabs/TorpBanyasz.prefab
  artifactKey: Guid(3f902f8f782dbf144baff59c492f10f4) Importer(815301076,1909f56bfc062723c751e8b465ee728b)
Start importing Assets/Prefabs/TorpBanyasz.prefab using Guid(3f902f8f782dbf144baff59c492f10f4) Importer(815301076,1909f56bfc062723c751e8b465ee728b) (PreviewImporter) -> (artifact id: '96b1c9f31f8ef1f60d4b0c2b18b97a54') in 0.0056374 seconds
Number of updated asset objects reloaded before import = 0Number of asset objects unloaded after import = 7

========================================================================
Received Import Request.
  Time since last request: 0.403206 seconds.
  path: Assets/Prefabs/TorpBanyasz.prefab
  artifactKey: Guid(3f902f8f782dbf144baff59c492f10f4) Importer(815301076,1909f56bfc062723c751e8b465ee728b)
Start importing Assets/Prefabs/TorpBanyasz.prefab using Guid(3f902f8f782dbf144baff59c492f10f4) Importer(815301076,1909f56bfc062723c751e8b465ee728b) (PreviewImporter) -> (artifact id: '79a6e8af7e735ef171e7eaa585975065') in 0.0062342 seconds
Number of updated asset objects reloaded before import = 0Number of asset objects unloaded after import = 7

========================================================================
Received Import Request.
  Time since last request: 1.611474 seconds.
  path: Assets/Prefabs/TorpBanyasz.prefab
  artifactKey: Guid(3f902f8f782dbf144baff59c492f10f4) Importer(815301076,1909f56bfc062723c751e8b465ee728b)
Start importing Assets/Prefabs/TorpBanyasz.prefab using Guid(3f902f8f782dbf144baff59c492f10f4) Importer(815301076,1909f56bfc062723c751e8b465ee728b) (PreviewImporter) -> (artifact id: '3b725944edb96a079d714059f939b6b0') in 0.0057535 seconds
Number of updated asset objects reloaded before import = 0Number of asset objects unloaded after import = 7

========================================================================
Received Import Request.
  Time since last request: 12.050735 seconds.
  path: Assets/Prefabs/TorpBanyasz.prefab
  artifactKey: Guid(3f902f8f782dbf144baff59c492f10f4) Importer(815301076,1909f56bfc062723c751e8b465ee728b)
Start importing Assets/Prefabs/TorpBanyasz.prefab using Guid(3f902f8f782dbf144baff59c492f10f4) Importer(815301076,1909f56bfc062723c751e8b465ee728b) (PreviewImporter) -> (artifact id: 'd23302df096df4083bd86039f374c685') in 0.0061566 seconds
Number of updated asset objects reloaded before import = 0Number of asset objects unloaded after import = 7

========================================================================
Received Prepare
Begin MonoManager ReloadAssembly
[Licensing::Client] Successfully resolved entitlement details
- Loaded All Assemblies, in  0.541 seconds
Refreshing native plugins compatible for Editor in 0.73 ms, found 4 plugins.
Native extension for WindowsStandalone target not found
Native extension for WebGL target not found
[Package Manager] Failed to launch server process. Reason: Unity was launched with the -noUpm command-line argument
[Package Manager] Unable to send message (not connected to server process).
[Package Manager] Cannot connect to Unity Package Manager local server
Mono: successfully reloaded assembly
- Finished resetting the current domain, in  0.676 seconds
Domain Reload Profiling: 1218ms
	BeginReloadAssembly (172ms)
		ExecutionOrderSort (0ms)
		DisableScriptedObjects (12ms)
		BackupInstance (0ms)
		ReleaseScriptingObjects (0ms)
		CreateAndSetChildDomain (47ms)
	RebuildCommonClasses (34ms)
	RebuildNativeTypeToScriptingClass (11ms)
	initialDomainReloadingComplete (22ms)
	LoadAllAssembliesAndSetupDomain (303ms)
		LoadAssemblies (242ms)
		RebuildTransferFunctionScriptingTraits (0ms)
		AnalyzeDomain (134ms)
			TypeCache.Refresh (5ms)
				TypeCache.ScanAssembly (0ms)
			BuildScriptInfoCaches (122ms)
			ResolveRequiredComponents (4ms)
	FinalizeReload (677ms)
		ReleaseScriptCaches (0ms)
		RebuildScriptCaches (0ms)
		SetupLoadedEditorAssemblies (565ms)
			LogAssemblyErrors (0ms)
			InitializePlatformSupportModulesInManaged (2ms)
			SetLoadedEditorAssemblies (4ms)
			BeforeProcessingInitializeOnLoad (116ms)
			ProcessInitializeOnLoadAttributes (390ms)
			ProcessInitializeOnLoadMethodAttributes (47ms)
			AfterProcessingInitializeOnLoad (6ms)
			EditorAssembliesLoaded (0ms)
		ExecutionOrderSort2 (0ms)
		AwakeInstancesAfterBackupRestoration (6ms)
Refreshing native plugins compatible for Editor in 1.05 ms, found 4 plugins.
Preloading 0 native plugins for Editor in 0.00 ms.
Unloading 0 Unused Serialized files (Serialized files now loaded: 0)
Unloading 5020 unused Assets / (1.4 MB). Loaded Objects now: 5796.
Memory consumption went from 105.3 MB to 103.9 MB.
Total: 8.157300 ms (FindLiveObjects: 0.582900 ms CreateObjectMapping: 0.450900 ms MarkObjects: 5.689000 ms  DeleteObjects: 1.433200 ms)

Prepare: number of updated asset objects reloaded= 0
========================================================================
Received Import Request.
  Time since last request: 57.067146 seconds.
  path: Assets/Prefabs/TorpBanyasz.prefab
  artifactKey: Guid(3f902f8f782dbf144baff59c492f10f4) Importer(815301076,1909f56bfc062723c751e8b465ee728b)
Start importing Assets/Prefabs/TorpBanyasz.prefab using Guid(3f902f8f782dbf144baff59c492f10f4) Importer(815301076,1909f56bfc062723c751e8b465ee728b) (PreviewImporter) -> (artifact id: 'aec1f11725da7e6c3f19ffa87f0c59e0') in 0.0542922 seconds
Number of updated asset objects reloaded before import = 0Number of asset objects unloaded after import = 7

========================================================================
Received Import Request.
  Time since last request: 0.136987 seconds.
  path: Assets/Prefabs/TorpBanyasz.prefab
  artifactKey: Guid(3f902f8f782dbf144baff59c492f10f4) Importer(815301076,1909f56bfc062723c751e8b465ee728b)
Start importing Assets/Prefabs/TorpBanyasz.prefab using Guid(3f902f8f782dbf144baff59c492f10f4) Importer(815301076,1909f56bfc062723c751e8b465ee728b) (PreviewImporter) -> (artifact id: '8111c8582e032aa5d1acc43940c8879c') in 0.0065312 seconds
Number of updated asset objects reloaded before import = 0Number of asset objects unloaded after import = 7

========================================================================
Received Prepare
Begin MonoManager ReloadAssembly
- Loaded All Assemblies, in  0.547 seconds
Refreshing native plugins compatible for Editor in 0.72 ms, found 4 plugins.
Native extension for WindowsStandalone target not found
Native extension for WebGL target not found
[Package Manager] Failed to launch server process. Reason: Unity was launched with the -noUpm command-line argument
[Package Manager] Unable to send message (not connected to server process).
[Package Manager] Cannot connect to Unity Package Manager local server
Mono: successfully reloaded assembly
- Finished resetting the current domain, in  0.683 seconds
Domain Reload Profiling: 1230ms
	BeginReloadAssembly (174ms)
		ExecutionOrderSort (0ms)
		DisableScriptedObjects (10ms)
		BackupInstance (0ms)
		ReleaseScriptingObjects (0ms)
		CreateAndSetChildDomain (54ms)
	RebuildCommonClasses (28ms)
	RebuildNativeTypeToScriptingClass (11ms)
	initialDomainReloadingComplete (24ms)
	LoadAllAssembliesAndSetupDomain (310ms)
		LoadAssemblies (259ms)
		RebuildTransferFunctionScriptingTraits (0ms)
		AnalyzeDomain (122ms)
			TypeCache.Refresh (5ms)
				TypeCache.ScanAssembly (0ms)
			BuildScriptInfoCaches (110ms)
			ResolveRequiredComponents (4ms)
	FinalizeReload (683ms)
		ReleaseScriptCaches (0ms)
		RebuildScriptCaches (0ms)
		SetupLoadedEditorAssemblies (577ms)
			LogAssemblyErrors (0ms)
			InitializePlatformSupportModulesInManaged (2ms)
			SetLoadedEditorAssemblies (4ms)
			BeforeProcessingInitializeOnLoad (122ms)
			ProcessInitializeOnLoadAttributes (397ms)
			ProcessInitializeOnLoadMethodAttributes (47ms)
			AfterProcessingInitializeOnLoad (5ms)
			EditorAssembliesLoaded (0ms)
		ExecutionOrderSort2 (0ms)
		AwakeInstancesAfterBackupRestoration (6ms)
Refreshing native plugins compatible for Editor in 0.81 ms, found 4 plugins.
Preloading 0 native plugins for Editor in 0.00 ms.
Unloading 0 Unused Serialized files (Serialized files now loaded: 0)
Unloading 5020 unused Assets / (1.3 MB). Loaded Objects now: 5799.
Memory consumption went from 105.3 MB to 104.0 MB.
Total: 7.943600 ms (FindLiveObjects: 0.611300 ms CreateObjectMapping: 0.362000 ms MarkObjects: 5.732100 ms  DeleteObjects: 1.236900 ms)

Prepare: number of updated asset objects reloaded= 0
========================================================================
Received Import Request.
  Time since last request: 35.360587 seconds.
  path: Assets/Prefabs/TorpBanyasz.prefab
  artifactKey: Guid(3f902f8f782dbf144baff59c492f10f4) Importer(815301076,1909f56bfc062723c751e8b465ee728b)
Start importing Assets/Prefabs/TorpBanyasz.prefab using Guid(3f902f8f782dbf144baff59c492f10f4) Importer(815301076,1909f56bfc062723c751e8b465ee728b) (PreviewImporter) -> (artifact id: '71d45a3a26127b98be930f393ebfb564') in 0.0520516 seconds
Number of updated asset objects reloaded before import = 0Number of asset objects unloaded after import = 7

========================================================================
Received Prepare
Begin MonoManager ReloadAssembly
[Licensing::Client] Successfully resolved entitlement details
- Loaded All Assemblies, in  0.535 seconds
Refreshing native plugins compatible for Editor in 0.87 ms, found 4 plugins.
Native extension for WindowsStandalone target not found
Native extension for WebGL target not found
[Package Manager] Failed to launch server process. Reason: Unity was launched with the -noUpm command-line argument
[Package Manager] Unable to send message (not connected to server process).
[Package Manager] Cannot connect to Unity Package Manager local server
Mono: successfully reloaded assembly
- Finished resetting the current domain, in  0.679 seconds
Domain Reload Profiling: 1215ms
	BeginReloadAssembly (177ms)
		ExecutionOrderSort (0ms)
		DisableScriptedObjects (11ms)
		BackupInstance (0ms)
		ReleaseScriptingObjects (0ms)
		CreateAndSetChildDomain (47ms)
	RebuildCommonClasses (30ms)
	RebuildNativeTypeToScriptingClass (11ms)
	initialDomainReloadingComplete (25ms)
	LoadAllAssembliesAndSetupDomain (291ms)
		LoadAssemblies (249ms)
		RebuildTransferFunctionScriptingTraits (0ms)
		AnalyzeDomain (119ms)
			TypeCache.Refresh (5ms)
				TypeCache.ScanAssembly (0ms)
			BuildScriptInfoCaches (107ms)
			ResolveRequiredComponents (4ms)
	FinalizeReload (680ms)
		ReleaseScriptCaches (0ms)
		RebuildScriptCaches (0ms)
		SetupLoadedEditorAssemblies (574ms)
			LogAssemblyErrors (0ms)
			InitializePlatformSupportModulesInManaged (2ms)
			SetLoadedEditorAssemblies (4ms)
			BeforeProcessingInitializeOnLoad (115ms)
			ProcessInitializeOnLoadAttributes (399ms)
			ProcessInitializeOnLoadMethodAttributes (49ms)
			AfterProcessingInitializeOnLoad (5ms)
			EditorAssembliesLoaded (0ms)
		ExecutionOrderSort2 (0ms)
		AwakeInstancesAfterBackupRestoration (6ms)
Refreshing native plugins compatible for Editor in 0.85 ms, found 4 plugins.
Preloading 0 native plugins for Editor in 0.00 ms.
Unloading 0 Unused Serialized files (Serialized files now loaded: 0)
Unloading 5020 unused Assets / (1.4 MB). Loaded Objects now: 5802.
Memory consumption went from 105.3 MB to 103.9 MB.
Total: 8.053100 ms (FindLiveObjects: 0.567600 ms CreateObjectMapping: 0.280000 ms MarkObjects: 5.717800 ms  DeleteObjects: 1.486300 ms)

Prepare: number of updated asset objects reloaded= 0
========================================================================
Received Prepare
Begin MonoManager ReloadAssembly
[Licensing::Client] Successfully resolved entitlement details
- Loaded All Assemblies, in  0.624 seconds
Refreshing native plugins compatible for Editor in 0.66 ms, found 4 plugins.
Native extension for WindowsStandalone target not found
Native extension for WebGL target not found
[Package Manager] Failed to launch server process. Reason: Unity was launched with the -noUpm command-line argument
[Package Manager] Unable to send message (not connected to server process).
[Package Manager] Cannot connect to Unity Package Manager local server
Mono: successfully reloaded assembly
- Finished resetting the current domain, in  0.694 seconds
Domain Reload Profiling: 1318ms
	BeginReloadAssembly (187ms)
		ExecutionOrderSort (0ms)
		DisableScriptedObjects (12ms)
		BackupInstance (0ms)
		ReleaseScriptingObjects (0ms)
		CreateAndSetChildDomain (54ms)
	RebuildCommonClasses (31ms)
	RebuildNativeTypeToScriptingClass (11ms)
	initialDomainReloadingComplete (25ms)
	LoadAllAssembliesAndSetupDomain (371ms)
		LoadAssemblies (316ms)
		RebuildTransferFunctionScriptingTraits (0ms)
		AnalyzeDomain (134ms)
			TypeCache.Refresh (7ms)
				TypeCache.ScanAssembly (1ms)
			BuildScriptInfoCaches (119ms)
			ResolveRequiredComponents (4ms)
	FinalizeReload (694ms)
		ReleaseScriptCaches (0ms)
		RebuildScriptCaches (0ms)
		SetupLoadedEditorAssemblies (585ms)
			LogAssemblyErrors (0ms)
			InitializePlatformSupportModulesInManaged (3ms)
			SetLoadedEditorAssemblies (4ms)
			BeforeProcessingInitializeOnLoad (119ms)
			ProcessInitializeOnLoadAttributes (402ms)
			ProcessInitializeOnLoadMethodAttributes (50ms)
			AfterProcessingInitializeOnLoad (6ms)
			EditorAssembliesLoaded (0ms)
		ExecutionOrderSort2 (0ms)
		AwakeInstancesAfterBackupRestoration (6ms)
Refreshing native plugins compatible for Editor in 0.73 ms, found 4 plugins.
Preloading 0 native plugins for Editor in 0.00 ms.
Unloading 0 Unused Serialized files (Serialized files now loaded: 0)
Unloading 5018 unused Assets / (1.2 MB). Loaded Objects now: 5805.
Memory consumption went from 105.3 MB to 104.1 MB.
Total: 6.655000 ms (FindLiveObjects: 0.592600 ms CreateObjectMapping: 0.492300 ms MarkObjects: 4.547300 ms  DeleteObjects: 1.021900 ms)

Prepare: number of updated asset objects reloaded= 0
========================================================================
Received Import Request.
  Time since last request: 143.738506 seconds.
  path: Assets/Prefabs/Goblin.prefab
  artifactKey: Guid(c4c06eb28e7eaae4b8387930062b657a) Importer(815301076,1909f56bfc062723c751e8b465ee728b)
Start importing Assets/Prefabs/Goblin.prefab using Guid(c4c06eb28e7eaae4b8387930062b657a) Importer(815301076,1909f56bfc062723c751e8b465ee728b) (PreviewImporter) -> (artifact id: 'f7303df91ba2fcf94978bf6a3326b203') in 0.053938 seconds
Number of updated asset objects reloaded before import = 0Number of asset objects unloaded after import = 11

========================================================================
Received Import Request.
  Time since last request: 32.338792 seconds.
  path: Assets/Prefabs/ElfMagus.prefab
  artifactKey: Guid(98253fde598dfec4fa7f332e6e11a4d2) Importer(815301076,1909f56bfc062723c751e8b465ee728b)
Start importing Assets/Prefabs/ElfMagus.prefab using Guid(98253fde598dfec4fa7f332e6e11a4d2) Importer(815301076,1909f56bfc062723c751e8b465ee728b) (PreviewImporter) -> (artifact id: '2fe8970f792ad5f371bdedbe59173001') in 0.0076887 seconds
Number of updated asset objects reloaded before import = 0Number of asset objects unloaded after import = 16

========================================================================
Received Import Request.
  Time since last request: 3.511208 seconds.
  path: Assets/Prefabs/TorpBanyasz.prefab
  artifactKey: Guid(3f902f8f782dbf144baff59c492f10f4) Importer(815301076,1909f56bfc062723c751e8b465ee728b)
Start importing Assets/Prefabs/TorpBanyasz.prefab using Guid(3f902f8f782dbf144baff59c492f10f4) Importer(815301076,1909f56bfc062723c751e8b465ee728b) (PreviewImporter) -> (artifact id: '7ba9b8ca65c3831ccd095b74011f4708') in 0.006599 seconds
Number of updated asset objects reloaded before import = 0Number of asset objects unloaded after import = 7

========================================================================
Received Import Request.
  Time since last request: 24.429057 seconds.
  path: Assets/Prefabs/ElfMagus.prefab
  artifactKey: Guid(98253fde598dfec4fa7f332e6e11a4d2) Importer(815301076,1909f56bfc062723c751e8b465ee728b)
Start importing Assets/Prefabs/ElfMagus.prefab using Guid(98253fde598dfec4fa7f332e6e11a4d2) Importer(815301076,1909f56bfc062723c751e8b465ee728b) (PreviewImporter) -> (artifact id: 'f1fbd798fddd5fedfc92e125bbbb56d3') in 0.0068461 seconds
Number of updated asset objects reloaded before import = 0Number of asset objects unloaded after import = 17

========================================================================
Received Import Request.
  Time since last request: 18.810883 seconds.
  path: Assets/Prefabs/ElfMagus.prefab
  artifactKey: Guid(98253fde598dfec4fa7f332e6e11a4d2) Importer(815301076,1909f56bfc062723c751e8b465ee728b)
Start importing Assets/Prefabs/ElfMagus.prefab using Guid(98253fde598dfec4fa7f332e6e11a4d2) Importer(815301076,1909f56bfc062723c751e8b465ee728b) (PreviewImporter) -> (artifact id: 'e26d379c934469a4c1ce330ce3ddf26b') in 0.0067312 seconds
Number of updated asset objects reloaded before import = 0Number of asset objects unloaded after import = 17

========================================================================
Received Import Request.
  Time since last request: 21.575047 seconds.
  path: Assets/Prefabs/ElfMagus.prefab
  artifactKey: Guid(98253fde598dfec4fa7f332e6e11a4d2) Importer(815301076,1909f56bfc062723c751e8b465ee728b)
Start importing Assets/Prefabs/ElfMagus.prefab using Guid(98253fde598dfec4fa7f332e6e11a4d2) Importer(815301076,1909f56bfc062723c751e8b465ee728b) (PreviewImporter) -> (artifact id: '5024422b3b4c07eea381a9fc907565df') in 0.0065951 seconds
Number of updated asset objects reloaded before import = 0Number of asset objects unloaded after import = 17

========================================================================
Received Import Request.
  Time since last request: 5.727916 seconds.
  path: Assets/Prefabs/TorpBanyasz.prefab
  artifactKey: Guid(3f902f8f782dbf144baff59c492f10f4) Importer(815301076,1909f56bfc062723c751e8b465ee728b)
Start importing Assets/Prefabs/TorpBanyasz.prefab using Guid(3f902f8f782dbf144baff59c492f10f4) Importer(815301076,1909f56bfc062723c751e8b465ee728b) (PreviewImporter) -> (artifact id: '3f31580d2bb5577d0e011b15117d8a53') in 0.0059384 seconds
Number of updated asset objects reloaded before import = 0Number of asset objects unloaded after import = 8

========================================================================
Received Import Request.
  Time since last request: 16.509988 seconds.
  path: Assets/Prefabs/TorpBanyasz.prefab
  artifactKey: Guid(3f902f8f782dbf144baff59c492f10f4) Importer(815301076,1909f56bfc062723c751e8b465ee728b)
Start importing Assets/Prefabs/TorpBanyasz.prefab using Guid(3f902f8f782dbf144baff59c492f10f4) Importer(815301076,1909f56bfc062723c751e8b465ee728b) (PreviewImporter) -> (artifact id: '1885600d6c25a442e745c64a168091dc') in 0.0055626 seconds
Number of updated asset objects reloaded before import = 0Number of asset objects unloaded after import = 8

========================================================================
Received Import Request.
  Time since last request: 12.208153 seconds.
  path: Assets/Prefabs/TorpBanyasz.prefab
  artifactKey: Guid(3f902f8f782dbf144baff59c492f10f4) Importer(815301076,1909f56bfc062723c751e8b465ee728b)
Start importing Assets/Prefabs/TorpBanyasz.prefab using Guid(3f902f8f782dbf144baff59c492f10f4) Importer(815301076,1909f56bfc062723c751e8b465ee728b) (PreviewImporter) -> (artifact id: '2960182222ca767295ae4c5640643041') in 0.0058261 seconds
Number of updated asset objects reloaded before import = 0Number of asset objects unloaded after import = 8

========================================================================
Received Import Request.
  Time since last request: 7.302273 seconds.
  path: Assets/Prefabs/TorpBanyasz.prefab
  artifactKey: Guid(3f902f8f782dbf144baff59c492f10f4) Importer(815301076,1909f56bfc062723c751e8b465ee728b)
Start importing Assets/Prefabs/TorpBanyasz.prefab using Guid(3f902f8f782dbf144baff59c492f10f4) Importer(815301076,1909f56bfc062723c751e8b465ee728b) (PreviewImporter) -> (artifact id: '628c7814b32c6b232838bfdc40ee781e') in 0.0061235 seconds
Number of updated asset objects reloaded before import = 0Number of asset objects unloaded after import = 8

========================================================================
Received Import Request.
  Time since last request: 10.867395 seconds.
  path: Assets/Prefabs/ElfMagus.prefab
  artifactKey: Guid(98253fde598dfec4fa7f332e6e11a4d2) Importer(815301076,1909f56bfc062723c751e8b465ee728b)
Start importing Assets/Prefabs/ElfMagus.prefab using Guid(98253fde598dfec4fa7f332e6e11a4d2) Importer(815301076,1909f56bfc062723c751e8b465ee728b) (PreviewImporter) -> (artifact id: 'ab9e3e79d3bd1ed6291c7f346398cebb') in 0.0070064 seconds
Number of updated asset objects reloaded before import = 0Number of asset objects unloaded after import = 17

========================================================================
Received Import Request.
  Time since last request: 4.820313 seconds.
  path: Assets/Prefabs/TorpBanyasz.prefab
  artifactKey: Guid(3f902f8f782dbf144baff59c492f10f4) Importer(815301076,1909f56bfc062723c751e8b465ee728b)
Start importing Assets/Prefabs/TorpBanyasz.prefab using Guid(3f902f8f782dbf144baff59c492f10f4) Importer(815301076,1909f56bfc062723c751e8b465ee728b) (PreviewImporter) -> (artifact id: '04158bbe94a5dbdea2acb6fe3859fbac') in 0.0054219 seconds
Number of updated asset objects reloaded before import = 0Number of asset objects unloaded after import = 8

========================================================================
Received Prepare
Begin MonoManager ReloadAssembly
[Licensing::Client] Successfully resolved entitlement details
- Loaded All Assemblies, in  0.557 seconds
Refreshing native plugins compatible for Editor in 0.73 ms, found 4 plugins.
Native extension for WindowsStandalone target not found
Native extension for WebGL target not found
[Package Manager] Failed to launch server process. Reason: Unity was launched with the -noUpm command-line argument
[Package Manager] Unable to send message (not connected to server process).
[Package Manager] Cannot connect to Unity Package Manager local server
Mono: successfully reloaded assembly
- Finished resetting the current domain, in  0.700 seconds
Domain Reload Profiling: 1259ms
	BeginReloadAssembly (188ms)
		ExecutionOrderSort (0ms)
		DisableScriptedObjects (12ms)
		BackupInstance (0ms)
		ReleaseScriptingObjects (0ms)
		CreateAndSetChildDomain (54ms)
	RebuildCommonClasses (34ms)
	RebuildNativeTypeToScriptingClass (12ms)
	initialDomainReloadingComplete (23ms)
	LoadAllAssembliesAndSetupDomain (301ms)
		LoadAssemblies (261ms)
		RebuildTransferFunctionScriptingTraits (0ms)
		AnalyzeDomain (119ms)
			TypeCache.Refresh (5ms)
				TypeCache.ScanAssembly (0ms)
			BuildScriptInfoCaches (106ms)
			ResolveRequiredComponents (4ms)
	FinalizeReload (700ms)
		ReleaseScriptCaches (0ms)
		RebuildScriptCaches (0ms)
		SetupLoadedEditorAssemblies (567ms)
			LogAssemblyErrors (0ms)
			InitializePlatformSupportModulesInManaged (2ms)
			SetLoadedEditorAssemblies (4ms)
			BeforeProcessingInitializeOnLoad (121ms)
			ProcessInitializeOnLoadAttributes (388ms)
			ProcessInitializeOnLoadMethodAttributes (47ms)
			AfterProcessingInitializeOnLoad (5ms)
			EditorAssembliesLoaded (0ms)
		ExecutionOrderSort2 (0ms)
		AwakeInstancesAfterBackupRestoration (5ms)
Refreshing native plugins compatible for Editor in 0.84 ms, found 4 plugins.
Preloading 0 native plugins for Editor in 0.00 ms.
Unloading 0 Unused Serialized files (Serialized files now loaded: 0)
Unloading 5022 unused Assets / (1.3 MB). Loaded Objects now: 5808.
Memory consumption went from 105.3 MB to 104.1 MB.
Total: 6.999800 ms (FindLiveObjects: 0.543000 ms CreateObjectMapping: 0.231600 ms MarkObjects: 5.071400 ms  DeleteObjects: 1.152800 ms)

Prepare: number of updated asset objects reloaded= 0
========================================================================
Received Import Request.
  Time since last request: 70.663967 seconds.
  path: Assets/Prefabs/ElfMagus.prefab
  artifactKey: Guid(98253fde598dfec4fa7f332e6e11a4d2) Importer(815301076,1909f56bfc062723c751e8b465ee728b)
Start importing Assets/Prefabs/ElfMagus.prefab using Guid(98253fde598dfec4fa7f332e6e11a4d2) Importer(815301076,1909f56bfc062723c751e8b465ee728b) (PreviewImporter) -> (artifact id: '0e23f13307e6918b005e6d0a094ecf0c') in 0.0574031 seconds
Number of updated asset objects reloaded before import = 0Number of asset objects unloaded after import = 17

========================================================================
Received Import Request.
  Time since last request: 12.082192 seconds.
  path: Assets/Prefabs/TorpBanyasz.prefab
  artifactKey: Guid(3f902f8f782dbf144baff59c492f10f4) Importer(815301076,1909f56bfc062723c751e8b465ee728b)
Start importing Assets/Prefabs/TorpBanyasz.prefab using Guid(3f902f8f782dbf144baff59c492f10f4) Importer(815301076,1909f56bfc062723c751e8b465ee728b) (PreviewImporter) -> (artifact id: '5667cd3689ca752e358d1d627977a7c1') in 0.0068556 seconds
Number of updated asset objects reloaded before import = 0Number of asset objects unloaded after import = 8

========================================================================
Received Import Request.
  Time since last request: 1274.442683 seconds.
  path: Packages/com.unity.2d.sprite/Editor/ObjectMenuCreation/DefaultAssets/Textures/v2/Capsule.png
  artifactKey: Guid(207ee8102dd4143d288186ef0be518ee) Importer(815301076,1909f56bfc062723c751e8b465ee728b)
Start importing Packages/com.unity.2d.sprite/Editor/ObjectMenuCreation/DefaultAssets/Textures/v2/Capsule.png using Guid(207ee8102dd4143d288186ef0be518ee) Importer(815301076,1909f56bfc062723c751e8b465ee728b) (PreviewImporter) -> (artifact id: '4a95d025ea349ba05297e6279e9cbd48') in 0.0564233 seconds
Number of updated asset objects reloaded before import = 0Number of asset objects unloaded after import = 3

========================================================================
Received Import Request.
  Time since last request: 79.074763 seconds.
  path: Assets/Prefabs/Paladin.prefab
  artifactKey: Guid(e197592e8f7b0e74d8675e80fdbd60c2) Importer(815301076,1909f56bfc062723c751e8b465ee728b)
Start importing Assets/Prefabs/Paladin.prefab using Guid(e197592e8f7b0e74d8675e80fdbd60c2) Importer(815301076,1909f56bfc062723c751e8b465ee728b) (PreviewImporter) -> (artifact id: '3d4433ac8321322c639e788e71858381') in 0.0195572 seconds
Number of updated asset objects reloaded before import = 0Number of asset objects unloaded after import = 9

========================================================================
Received Import Request.
  Time since last request: 17.129577 seconds.
  path: Assets/Prefabs/Paladin.prefab
  artifactKey: Guid(e197592e8f7b0e74d8675e80fdbd60c2) Importer(815301076,1909f56bfc062723c751e8b465ee728b)
Start importing Assets/Prefabs/Paladin.prefab using Guid(e197592e8f7b0e74d8675e80fdbd60c2) Importer(815301076,1909f56bfc062723c751e8b465ee728b) (PreviewImporter) -> (artifact id: '70084fe40eca6957f97b5e5dfa78f598') in 0.0153933 seconds
Number of updated asset objects reloaded before import = 0Number of asset objects unloaded after import = 9

========================================================================
Received Import Request.
  Time since last request: 52.248191 seconds.
  path: Assets/Scripts/Spawner.cs
  artifactKey: Guid(d94a3aa3e32a7294bb21295db58b1824) Importer(2089858483,b0f066a214c2f5e87bad3c948f4d605d)
Start importing Assets/Scripts/Spawner.cs using Guid(d94a3aa3e32a7294bb21295db58b1824) Importer(2089858483,b0f066a214c2f5e87bad3c948f4d605d) (ScriptedImporter) -> (artifact id: '28184366e17b7c21a121078b9a38c61d') in 0.0926775 seconds
Number of updated asset objects reloaded before import = 0Number of asset objects unloaded after import = 0

========================================================================
Received Import Request.
  Time since last request: 0.000067 seconds.
  path: Assets/Prefabs/Lovedek.prefab
  artifactKey: Guid(a3b8ba83026623644a794746a7b4a850) Importer(2089858483,b0f066a214c2f5e87bad3c948f4d605d)
Start importing Assets/Prefabs/Lovedek.prefab using Guid(a3b8ba83026623644a794746a7b4a850) Importer(2089858483,b0f066a214c2f5e87bad3c948f4d605d) (ScriptedImporter) -> (artifact id: '043ba46496fd88ac4c1e1e474d09ca11') in 0.0601761 seconds
Number of updated asset objects reloaded before import = 0Number of asset objects unloaded after import = 8

========================================================================
Received Import Request.
  Time since last request: 0.000019 seconds.
  path: Assets/Prefabs/Paladin.prefab
  artifactKey: Guid(e197592e8f7b0e74d8675e80fdbd60c2) Importer(2089858483,b0f066a214c2f5e87bad3c948f4d605d)
Start importing Assets/Prefabs/Paladin.prefab using Guid(e197592e8f7b0e74d8675e80fdbd60c2) Importer(2089858483,b0f066a214c2f5e87bad3c948f4d605d) (ScriptedImporter) -> (artifact id: 'efe45794e7845b2e4bc441ac7feec90a') in 0.0191754 seconds
Number of updated asset objects reloaded before import = 0Number of asset objects unloaded after import = 9

========================================================================
Received Import Request.
  Time since last request: 0.000023 seconds.
  path: Assets/Scripts/LovedekMozgas.cs
  artifactKey: Guid(039ae76f5cdf98848994d3fa54252eaa) Importer(2089858483,b0f066a214c2f5e87bad3c948f4d605d)
Start importing Assets/Scripts/LovedekMozgas.cs using Guid(039ae76f5cdf98848994d3fa54252eaa) Importer(2089858483,b0f066a214c2f5e87bad3c948f4d605d) (ScriptedImporter) -> (artifact id: 'ac356f2c23037c8b87db11ac35e0b733') in 0.0146559 seconds
Number of updated asset objects reloaded before import = 0Number of asset objects unloaded after import = 0

========================================================================
Received Import Request.
  Time since last request: 0.000065 seconds.
  path: Assets/Scripts/EllensegMozgas.cs
  artifactKey: Guid(6d8ca43bf0b80864a98e0f5edb2b048c) Importer(2089858483,b0f066a214c2f5e87bad3c948f4d605d)
Start importing Assets/Scripts/EllensegMozgas.cs using Guid(6d8ca43bf0b80864a98e0f5edb2b048c) Importer(2089858483,b0f066a214c2f5e87bad3c948f4d605d) (ScriptedImporter) -> (artifact id: 'abcfdbb076c946e672e6048a6ed0938e') in 0.0138609 seconds
Number of updated asset objects reloaded before import = 0Number of asset objects unloaded after import = 0

========================================================================
Received Import Request.
  Time since last request: 2.017287 seconds.
  path: Assets/Prefabs/Capsule.png
  artifactKey: Guid(7411a34e582e8c14cac814820be6660f) Importer(815301076,1909f56bfc062723c751e8b465ee728b)
Start importing Assets/Prefabs/Capsule.png using Guid(7411a34e582e8c14cac814820be6660f) Importer(815301076,1909f56bfc062723c751e8b465ee728b) (PreviewImporter) -> (artifact id: 'd324fc345b14da316085fac61a6fb8f5') in 0.006434 seconds
Number of updated asset objects reloaded before import = 0Number of asset objects unloaded after import = 3

========================================================================
Received Import Request.
  Time since last request: 0.977742 seconds.
  path: Assets/Prefabs/Capsule.png
  artifactKey: Guid(7411a34e582e8c14cac814820be6660f) Importer(2089858483,b0f066a214c2f5e87bad3c948f4d605d)
Start importing Assets/Prefabs/Capsule.png using Guid(7411a34e582e8c14cac814820be6660f) Importer(2089858483,b0f066a214c2f5e87bad3c948f4d605d) (ScriptedImporter) -> (artifact id: 'e18f7b5a67e3204d55f4a4542b0e0ad6') in 0.0392557 seconds
Number of updated asset objects reloaded before import = 0Number of asset objects unloaded after import = 3

========================================================================
Received Prepare
Refreshing native plugins compatible for Editor in 1.11 ms, found 4 plugins.
Preloading 0 native plugins for Editor in 0.00 ms.
Unloading 0 Unused Serialized files (Serialized files now loaded: 0)
Unloading 5013 unused Assets / (1.2 MB). Loaded Objects now: 5812.
Memory consumption went from 105.7 MB to 104.6 MB.
Total: 9.153500 ms (FindLiveObjects: 0.524800 ms CreateObjectMapping: 0.165800 ms MarkObjects: 7.417400 ms  DeleteObjects: 1.044400 ms)

Prepare: number of updated asset objects reloaded= 0
========================================================================
Received Prepare
Begin MonoManager ReloadAssembly
[Licensing::Client] Successfully resolved entitlement details
- Loaded All Assemblies, in  0.723 seconds
Refreshing native plugins compatible for Editor in 0.75 ms, found 4 plugins.
Native extension for WindowsStandalone target not found
Native extension for WebGL target not found
[Package Manager] Failed to launch server process. Reason: Unity was launched with the -noUpm command-line argument
[Package Manager] Unable to send message (not connected to server process).
[Package Manager] Cannot connect to Unity Package Manager local server
Mono: successfully reloaded assembly
- Finished resetting the current domain, in  0.698 seconds
Domain Reload Profiling: 1423ms
	BeginReloadAssembly (268ms)
		ExecutionOrderSort (0ms)
		DisableScriptedObjects (16ms)
		BackupInstance (0ms)
		ReleaseScriptingObjects (0ms)
		CreateAndSetChildDomain (85ms)
	RebuildCommonClasses (41ms)
	RebuildNativeTypeToScriptingClass (16ms)
	initialDomainReloadingComplete (44ms)
	LoadAllAssembliesAndSetupDomain (355ms)
		LoadAssemblies (338ms)
		RebuildTransferFunctionScriptingTraits (0ms)
		AnalyzeDomain (138ms)
			TypeCache.Refresh (9ms)
				TypeCache.ScanAssembly (1ms)
			BuildScriptInfoCaches (122ms)
			ResolveRequiredComponents (4ms)
	FinalizeReload (699ms)
		ReleaseScriptCaches (0ms)
		RebuildScriptCaches (0ms)
		SetupLoadedEditorAssemblies (581ms)
			LogAssemblyErrors (0ms)
			InitializePlatformSupportModulesInManaged (2ms)
			SetLoadedEditorAssemblies (4ms)
			BeforeProcessingInitializeOnLoad (114ms)
			ProcessInitializeOnLoadAttributes (406ms)
			ProcessInitializeOnLoadMethodAttributes (50ms)
			AfterProcessingInitializeOnLoad (5ms)
			EditorAssembliesLoaded (0ms)
		ExecutionOrderSort2 (0ms)
		AwakeInstancesAfterBackupRestoration (6ms)
Refreshing native plugins compatible for Editor in 0.99 ms, found 4 plugins.
Preloading 0 native plugins for Editor in 0.00 ms.
Unloading 0 Unused Serialized files (Serialized files now loaded: 0)
Unloading 5019 unused Assets / (1.3 MB). Loaded Objects now: 5814.
Memory consumption went from 105.3 MB to 104.0 MB.
Total: 7.467900 ms (FindLiveObjects: 0.542500 ms CreateObjectMapping: 0.420600 ms MarkObjects: 5.236900 ms  DeleteObjects: 1.266900 ms)

Prepare: number of updated asset objects reloaded= 0
========================================================================
Received Import Request.
  Time since last request: 992.439964 seconds.
  path: Assets/Prefabs/Akna.prefab
  artifactKey: Guid(280ae3fccca232e469588570bd5be618) Importer(2089858483,b0f066a214c2f5e87bad3c948f4d605d)
Start importing Assets/Prefabs/Akna.prefab using Guid(280ae3fccca232e469588570bd5be618) Importer(2089858483,b0f066a214c2f5e87bad3c948f4d605d) (ScriptedImporter) -> (artifact id: '70e45308237c0eef83c52192500f4295') in 0.1114742 seconds
Number of updated asset objects reloaded before import = 0Number of asset objects unloaded after import = 10

========================================================================
Received Prepare
Begin MonoManager ReloadAssembly
[Licensing::Client] Successfully resolved entitlement details
- Loaded All Assemblies, in  0.519 seconds
Refreshing native plugins compatible for Editor in 0.59 ms, found 4 plugins.
Native extension for WindowsStandalone target not found
Native extension for WebGL target not found
[Package Manager] Failed to launch server process. Reason: Unity was launched with the -noUpm command-line argument
[Package Manager] Unable to send message (not connected to server process).
[Package Manager] Cannot connect to Unity Package Manager local server
Mono: successfully reloaded assembly
- Finished resetting the current domain, in  0.645 seconds
Domain Reload Profiling: 1164ms
	BeginReloadAssembly (177ms)
		ExecutionOrderSort (0ms)
		DisableScriptedObjects (10ms)
		BackupInstance (0ms)
		ReleaseScriptingObjects (0ms)
		CreateAndSetChildDomain (48ms)
	RebuildCommonClasses (31ms)
	RebuildNativeTypeToScriptingClass (11ms)
	initialDomainReloadingComplete (24ms)
	LoadAllAssembliesAndSetupDomain (276ms)
		LoadAssemblies (242ms)
		RebuildTransferFunctionScriptingTraits (0ms)
		AnalyzeDomain (112ms)
			TypeCache.Refresh (5ms)
				TypeCache.ScanAssembly (0ms)
			BuildScriptInfoCaches (99ms)
			ResolveRequiredComponents (4ms)
	FinalizeReload (646ms)
		ReleaseScriptCaches (0ms)
		RebuildScriptCaches (0ms)
		SetupLoadedEditorAssemblies (547ms)
			LogAssemblyErrors (0ms)
			InitializePlatformSupportModulesInManaged (2ms)
			SetLoadedEditorAssemblies (4ms)
			BeforeProcessingInitializeOnLoad (108ms)
			ProcessInitializeOnLoadAttributes (369ms)
			ProcessInitializeOnLoadMethodAttributes (59ms)
			AfterProcessingInitializeOnLoad (5ms)
			EditorAssembliesLoaded (0ms)
		ExecutionOrderSort2 (0ms)
		AwakeInstancesAfterBackupRestoration (5ms)
Refreshing native plugins compatible for Editor in 0.73 ms, found 4 plugins.
Preloading 0 native plugins for Editor in 0.00 ms.
Unloading 0 Unused Serialized files (Serialized files now loaded: 0)
Unloading 5019 unused Assets / (1.0 MB). Loaded Objects now: 5817.
Memory consumption went from 105.3 MB to 104.3 MB.
Total: 6.599500 ms (FindLiveObjects: 0.513900 ms CreateObjectMapping: 0.177900 ms MarkObjects: 4.720700 ms  DeleteObjects: 1.186300 ms)

Prepare: number of updated asset objects reloaded= 0
========================================================================
Received Prepare
Begin MonoManager ReloadAssembly
- Loaded All Assemblies, in  0.509 seconds
Refreshing native plugins compatible for Editor in 0.67 ms, found 4 plugins.
Native extension for WindowsStandalone target not found
Native extension for WebGL target not found
[Package Manager] Failed to launch server process. Reason: Unity was launched with the -noUpm command-line argument
[Package Manager] Unable to send message (not connected to server process).
[Package Manager] Cannot connect to Unity Package Manager local server
Mono: successfully reloaded assembly
- Finished resetting the current domain, in  0.654 seconds
Domain Reload Profiling: 1163ms
	BeginReloadAssembly (171ms)
		ExecutionOrderSort (0ms)
		DisableScriptedObjects (11ms)
		BackupInstance (0ms)
		ReleaseScriptingObjects (0ms)
		CreateAndSetChildDomain (47ms)
	RebuildCommonClasses (28ms)
	RebuildNativeTypeToScriptingClass (11ms)
	initialDomainReloadingComplete (23ms)
	LoadAllAssembliesAndSetupDomain (276ms)
		LoadAssemblies (237ms)
		RebuildTransferFunctionScriptingTraits (0ms)
		AnalyzeDomain (114ms)
			TypeCache.Refresh (5ms)
				TypeCache.ScanAssembly (0ms)
			BuildScriptInfoCaches (102ms)
			ResolveRequiredComponents (4ms)
	FinalizeReload (654ms)
		ReleaseScriptCaches (0ms)
		RebuildScriptCaches (0ms)
		SetupLoadedEditorAssemblies (546ms)
			LogAssemblyErrors (0ms)
			InitializePlatformSupportModulesInManaged (2ms)
			SetLoadedEditorAssemblies (4ms)
			BeforeProcessingInitializeOnLoad (114ms)
			ProcessInitializeOnLoadAttributes (372ms)
			ProcessInitializeOnLoadMethodAttributes (49ms)
			AfterProcessingInitializeOnLoad (5ms)
			EditorAssembliesLoaded (0ms)
		ExecutionOrderSort2 (0ms)
		AwakeInstancesAfterBackupRestoration (6ms)
Refreshing native plugins compatible for Editor in 0.92 ms, found 4 plugins.
Preloading 0 native plugins for Editor in 0.00 ms.
Unloading 0 Unused Serialized files (Serialized files now loaded: 0)
Unloading 5019 unused Assets / (1.2 MB). Loaded Objects now: 5820.
Memory consumption went from 105.3 MB to 104.1 MB.
Total: 7.184000 ms (FindLiveObjects: 0.590900 ms CreateObjectMapping: 0.436600 ms MarkObjects: 4.651900 ms  DeleteObjects: 1.503500 ms)

Prepare: number of updated asset objects reloaded= 0
========================================================================
Received Prepare
Begin MonoManager ReloadAssembly
[Licensing::Client] Successfully resolved entitlement details
- Loaded All Assemblies, in  0.573 seconds
Refreshing native plugins compatible for Editor in 0.61 ms, found 4 plugins.
Native extension for WindowsStandalone target not found
Native extension for WebGL target not found
[Package Manager] Failed to launch server process. Reason: Unity was launched with the -noUpm command-line argument
[Package Manager] Unable to send message (not connected to server process).
[Package Manager] Cannot connect to Unity Package Manager local server
Mono: successfully reloaded assembly
- Finished resetting the current domain, in  0.672 seconds
Domain Reload Profiling: 1245ms
	BeginReloadAssembly (197ms)
		ExecutionOrderSort (0ms)
		DisableScriptedObjects (13ms)
		BackupInstance (0ms)
		ReleaseScriptingObjects (0ms)
		CreateAndSetChildDomain (47ms)
	RebuildCommonClasses (29ms)
	RebuildNativeTypeToScriptingClass (11ms)
	initialDomainReloadingComplete (23ms)
	LoadAllAssembliesAndSetupDomain (314ms)
		LoadAssemblies (286ms)
		RebuildTransferFunctionScriptingTraits (0ms)
		AnalyzeDomain (123ms)
			TypeCache.Refresh (7ms)
				TypeCache.ScanAssembly (1ms)
			BuildScriptInfoCaches (110ms)
			ResolveRequiredComponents (4ms)
	FinalizeReload (672ms)
		ReleaseScriptCaches (0ms)
		RebuildScriptCaches (0ms)
		SetupLoadedEditorAssemblies (564ms)
			LogAssemblyErrors (0ms)
			InitializePlatformSupportModulesInManaged (2ms)
			SetLoadedEditorAssemblies (4ms)
			BeforeProcessingInitializeOnLoad (113ms)
			ProcessInitializeOnLoadAttributes (394ms)
			ProcessInitializeOnLoadMethodAttributes (46ms)
			AfterProcessingInitializeOnLoad (5ms)
			EditorAssembliesLoaded (0ms)
		ExecutionOrderSort2 (0ms)
		AwakeInstancesAfterBackupRestoration (6ms)
Refreshing native plugins compatible for Editor in 0.86 ms, found 4 plugins.
Preloading 0 native plugins for Editor in 0.00 ms.
Unloading 0 Unused Serialized files (Serialized files now loaded: 0)
Unloading 5019 unused Assets / (1.1 MB). Loaded Objects now: 5823.
Memory consumption went from 105.3 MB to 104.2 MB.
Total: 6.640100 ms (FindLiveObjects: 0.508000 ms CreateObjectMapping: 0.182200 ms MarkObjects: 4.865800 ms  DeleteObjects: 1.083000 ms)

Prepare: number of updated asset objects reloaded= 0
========================================================================
Received Prepare
Begin MonoManager ReloadAssembly
- Loaded All Assemblies, in  0.517 seconds
Refreshing native plugins compatible for Editor in 0.58 ms, found 4 plugins.
Native extension for WindowsStandalone target not found
Native extension for WebGL target not found
[Package Manager] Failed to launch server process. Reason: Unity was launched with the -noUpm command-line argument
[Package Manager] Unable to send message (not connected to server process).
[Package Manager] Cannot connect to Unity Package Manager local server
Mono: successfully reloaded assembly
- Finished resetting the current domain, in  0.635 seconds
Domain Reload Profiling: 1154ms
	BeginReloadAssembly (182ms)
		ExecutionOrderSort (0ms)
		DisableScriptedObjects (11ms)
		BackupInstance (0ms)
		ReleaseScriptingObjects (0ms)
		CreateAndSetChildDomain (48ms)
	RebuildCommonClasses (28ms)
	RebuildNativeTypeToScriptingClass (11ms)
	initialDomainReloadingComplete (21ms)
	LoadAllAssembliesAndSetupDomain (275ms)
		LoadAssemblies (240ms)
		RebuildTransferFunctionScriptingTraits (0ms)
		AnalyzeDomain (113ms)
			TypeCache.Refresh (4ms)
				TypeCache.ScanAssembly (0ms)
			BuildScriptInfoCaches (103ms)
			ResolveRequiredComponents (4ms)
	FinalizeReload (637ms)
		ReleaseScriptCaches (0ms)
		RebuildScriptCaches (0ms)
		SetupLoadedEditorAssemblies (532ms)
			LogAssemblyErrors (0ms)
			InitializePlatformSupportModulesInManaged (2ms)
			SetLoadedEditorAssemblies (3ms)
			BeforeProcessingInitializeOnLoad (119ms)
			ProcessInitializeOnLoadAttributes (357ms)
			ProcessInitializeOnLoadMethodAttributes (46ms)
			AfterProcessingInitializeOnLoad (5ms)
			EditorAssembliesLoaded (0ms)
		ExecutionOrderSort2 (0ms)
		AwakeInstancesAfterBackupRestoration (5ms)
Refreshing native plugins compatible for Editor in 0.76 ms, found 4 plugins.
Preloading 0 native plugins for Editor in 0.00 ms.
Unloading 0 Unused Serialized files (Serialized files now loaded: 0)
Unloading 5019 unused Assets / (1.6 MB). Loaded Objects now: 5826.
Memory consumption went from 105.4 MB to 103.8 MB.
Total: 8.009800 ms (FindLiveObjects: 0.513000 ms CreateObjectMapping: 0.441100 ms MarkObjects: 5.432800 ms  DeleteObjects: 1.622200 ms)

Prepare: number of updated asset objects reloaded= 0
========================================================================
Received Prepare
Begin MonoManager ReloadAssembly
[Licensing::Client] Successfully resolved entitlement details
- Loaded All Assemblies, in  0.543 seconds
Refreshing native plugins compatible for Editor in 0.80 ms, found 4 plugins.
Native extension for WindowsStandalone target not found
Native extension for WebGL target not found
[Package Manager] Failed to launch server process. Reason: Unity was launched with the -noUpm command-line argument
[Package Manager] Unable to send message (not connected to server process).
[Package Manager] Cannot connect to Unity Package Manager local server
Mono: successfully reloaded assembly
- Finished resetting the current domain, in  0.673 seconds
Domain Reload Profiling: 1216ms
	BeginReloadAssembly (179ms)
		ExecutionOrderSort (0ms)
		DisableScriptedObjects (11ms)
		BackupInstance (0ms)
		ReleaseScriptingObjects (0ms)
		CreateAndSetChildDomain (45ms)
	RebuildCommonClasses (32ms)
	RebuildNativeTypeToScriptingClass (12ms)
	initialDomainReloadingComplete (26ms)
	LoadAllAssembliesAndSetupDomain (296ms)
		LoadAssemblies (246ms)
		RebuildTransferFunctionScriptingTraits (0ms)
		AnalyzeDomain (131ms)
			TypeCache.Refresh (13ms)
				TypeCache.ScanAssembly (1ms)
			BuildScriptInfoCaches (109ms)
			ResolveRequiredComponents (4ms)
	FinalizeReload (673ms)
		ReleaseScriptCaches (0ms)
		RebuildScriptCaches (0ms)
		SetupLoadedEditorAssemblies (566ms)
			LogAssemblyErrors (0ms)
			InitializePlatformSupportModulesInManaged (2ms)
			SetLoadedEditorAssemblies (4ms)
			BeforeProcessingInitializeOnLoad (118ms)
			ProcessInitializeOnLoadAttributes (390ms)
			ProcessInitializeOnLoadMethodAttributes (48ms)
			AfterProcessingInitializeOnLoad (5ms)
			EditorAssembliesLoaded (0ms)
		ExecutionOrderSort2 (0ms)
		AwakeInstancesAfterBackupRestoration (5ms)
Refreshing native plugins compatible for Editor in 0.87 ms, found 4 plugins.
Preloading 0 native plugins for Editor in 0.00 ms.
Unloading 0 Unused Serialized files (Serialized files now loaded: 0)
Unloading 5019 unused Assets / (1.5 MB). Loaded Objects now: 5829.
Memory consumption went from 105.4 MB to 103.8 MB.
Total: 8.742800 ms (FindLiveObjects: 0.720000 ms CreateObjectMapping: 0.518400 ms MarkObjects: 5.968800 ms  DeleteObjects: 1.533900 ms)

Prepare: number of updated asset objects reloaded= 0
========================================================================
Received Prepare
Begin MonoManager ReloadAssembly
- Loaded All Assemblies, in  0.540 seconds
Refreshing native plugins compatible for Editor in 0.67 ms, found 4 plugins.
Native extension for WindowsStandalone target not found
Native extension for WebGL target not found
[Package Manager] Failed to launch server process. Reason: Unity was launched with the -noUpm command-line argument
[Package Manager] Unable to send message (not connected to server process).
[Package Manager] Cannot connect to Unity Package Manager local server
Mono: successfully reloaded assembly
- Finished resetting the current domain, in  0.631 seconds
Domain Reload Profiling: 1172ms
	BeginReloadAssembly (184ms)
		ExecutionOrderSort (0ms)
		DisableScriptedObjects (11ms)
		BackupInstance (0ms)
		ReleaseScriptingObjects (0ms)
		CreateAndSetChildDomain (48ms)
	RebuildCommonClasses (34ms)
	RebuildNativeTypeToScriptingClass (11ms)
	initialDomainReloadingComplete (24ms)
	LoadAllAssembliesAndSetupDomain (288ms)
		LoadAssemblies (257ms)
		RebuildTransferFunctionScriptingTraits (0ms)
		AnalyzeDomain (114ms)
			TypeCache.Refresh (4ms)
				TypeCache.ScanAssembly (0ms)
			BuildScriptInfoCaches (102ms)
			ResolveRequiredComponents (4ms)
	FinalizeReload (631ms)
		ReleaseScriptCaches (0ms)
		RebuildScriptCaches (0ms)
		SetupLoadedEditorAssemblies (529ms)
			LogAssemblyErrors (0ms)
			InitializePlatformSupportModulesInManaged (2ms)
			SetLoadedEditorAssemblies (3ms)
			BeforeProcessingInitializeOnLoad (108ms)
			ProcessInitializeOnLoadAttributes (366ms)
			ProcessInitializeOnLoadMethodAttributes (44ms)
			AfterProcessingInitializeOnLoad (5ms)
			EditorAssembliesLoaded (0ms)
		ExecutionOrderSort2 (0ms)
		AwakeInstancesAfterBackupRestoration (5ms)
Refreshing native plugins compatible for Editor in 0.76 ms, found 4 plugins.
Preloading 0 native plugins for Editor in 0.00 ms.
Unloading 0 Unused Serialized files (Serialized files now loaded: 0)
Unloading 5019 unused Assets / (1.7 MB). Loaded Objects now: 5832.
Memory consumption went from 105.4 MB to 103.6 MB.
Total: 8.060900 ms (FindLiveObjects: 0.535100 ms CreateObjectMapping: 0.188500 ms MarkObjects: 5.946400 ms  DeleteObjects: 1.389400 ms)

Prepare: number of updated asset objects reloaded= 0
========================================================================
Received Import Request.
  Time since last request: 1109.301090 seconds.
  path: Assets/Prefabs/ElfMagus.prefab
  artifactKey: Guid(98253fde598dfec4fa7f332e6e11a4d2) Importer(815301076,1909f56bfc062723c751e8b465ee728b)
Start importing Assets/Prefabs/ElfMagus.prefab using Guid(98253fde598dfec4fa7f332e6e11a4d2) Importer(815301076,1909f56bfc062723c751e8b465ee728b) (PreviewImporter) -> (artifact id: '2354859e1da1c27c7ea84d13e68810b6') in 0.0763945 seconds
Number of updated asset objects reloaded before import = 0Number of asset objects unloaded after import = 17

========================================================================
Received Import Request.
  Time since last request: 0.000028 seconds.
  path: Assets/Prefabs/Goblin.prefab
  artifactKey: Guid(c4c06eb28e7eaae4b8387930062b657a) Importer(815301076,1909f56bfc062723c751e8b465ee728b)
Start importing Assets/Prefabs/Goblin.prefab using Guid(c4c06eb28e7eaae4b8387930062b657a) Importer(815301076,1909f56bfc062723c751e8b465ee728b) (PreviewImporter) -> (artifact id: '3b81d02d0011c33b305168acf23d5615') in 0.0448318 seconds
Number of updated asset objects reloaded before import = 0Number of asset objects unloaded after import = 11

========================================================================
Received Prepare
Begin MonoManager ReloadAssembly
[Licensing::Client] Successfully resolved entitlement details
- Loaded All Assemblies, in  0.546 seconds
Refreshing native plugins compatible for Editor in 0.66 ms, found 4 plugins.
Native extension for WindowsStandalone target not found
Native extension for WebGL target not found
[Package Manager] Failed to launch server process. Reason: Unity was launched with the -noUpm command-line argument
[Package Manager] Unable to send message (not connected to server process).
[Package Manager] Cannot connect to Unity Package Manager local server
Mono: successfully reloaded assembly
- Finished resetting the current domain, in  0.693 seconds
Domain Reload Profiling: 1240ms
	BeginReloadAssembly (186ms)
		ExecutionOrderSort (0ms)
		DisableScriptedObjects (10ms)
		BackupInstance (0ms)
		ReleaseScriptingObjects (0ms)
		CreateAndSetChildDomain (56ms)
	RebuildCommonClasses (32ms)
	RebuildNativeTypeToScriptingClass (11ms)
	initialDomainReloadingComplete (26ms)
	LoadAllAssembliesAndSetupDomain (292ms)
		LoadAssemblies (261ms)
		RebuildTransferFunctionScriptingTraits (0ms)
		AnalyzeDomain (110ms)
			TypeCache.Refresh (4ms)
				TypeCache.ScanAssembly (0ms)
			BuildScriptInfoCaches (99ms)
			ResolveRequiredComponents (4ms)
	FinalizeReload (694ms)
		ReleaseScriptCaches (0ms)
		RebuildScriptCaches (0ms)
		SetupLoadedEditorAssemblies (590ms)
			LogAssemblyErrors (0ms)
			InitializePlatformSupportModulesInManaged (2ms)
			SetLoadedEditorAssemblies (4ms)
			BeforeProcessingInitializeOnLoad (132ms)
			ProcessInitializeOnLoadAttributes (395ms)
			ProcessInitializeOnLoadMethodAttributes (52ms)
			AfterProcessingInitializeOnLoad (5ms)
			EditorAssembliesLoaded (0ms)
		ExecutionOrderSort2 (0ms)
		AwakeInstancesAfterBackupRestoration (5ms)
Refreshing native plugins compatible for Editor in 0.90 ms, found 4 plugins.
Preloading 0 native plugins for Editor in 0.00 ms.
Unloading 0 Unused Serialized files (Serialized files now loaded: 0)
Unloading 5021 unused Assets / (1.2 MB). Loaded Objects now: 5835.
Memory consumption went from 105.5 MB to 104.2 MB.
Total: 6.676800 ms (FindLiveObjects: 0.521000 ms CreateObjectMapping: 0.176300 ms MarkObjects: 4.668800 ms  DeleteObjects: 1.309600 ms)

Prepare: number of updated asset objects reloaded= 0
Editor requested this worker to shutdown with reason: Scaling down because of idle timeout
AssetImportWorker is now disconnected from the server
Process exiting
Exiting without the bug reporter. Application will terminate with return code 0